"ID","Age","Gender","Education","Major","Income","Occupation"
"1701183943900",NA,"Female","High school diploma or equivalent","njaglajgnklsjfgnrg",NA,"bhjnkol"
"1701294092914","46","Male","Bachelor's degree","Mechanical Engineer","230000","Principal Network Engineer"
"1701294127758","34","Female","Master's degree","Mathematics","75000","higher education administration"
"1701294196945","58","Male","Bachelor's degree","fine arts","68999","Real estate office manager"
"1701294255981","71","Female","Bachelor's degree","Anthropology","49000","Retired"
"1701294321562","35","Male","Master's degree","Meteorology, Geography and Environmental Systems (bachelors and masters, respectively)","70000","Analyst"
"1701294580927","43","Male","Bachelor's degree","Political Science","74000","Tech Repair Shop Owner"
"1701294604427","62","Female","Bachelor's degree","computer science","54000","freelancer/independent contractor"
"1701294695703","37","Female","High school diploma or equivalent","NA","34000","Assistant Manager"
"1701295144929","45","Male","Non-university diploma/certificate",NA,"79000","Manufacturing. (IT Manager)"
"1701295170193","38","Male","Bachelor's degree","engineer","8000","analyst"
"1701295249386","33","Male","Non-university diploma/certificate","Computer Science/Network Admin Certifications","58500","Salesforce Administrator"
"1701295344563","33","Male","Bachelor's degree","it","55000","computer specialist "
"1701295435020","68","Male","High school diploma or equivalent","Physics","4999","Unemployed"
"1701295782212","70","Male","Non-university diploma/certificate","Life Science","49000","retired"
"1701296087236","36","Male","Bachelor's degree","economics","85000","office support"
"1701297757967","54","Male","Bachelor's degree","none","30000","Employee"
"1701298134924","29","Male","Bachelor's degree","IT/CS","90000","IT"
"1701298582765","32","Male","High school diploma or equivalent",NA,"30000","server"
"1701301645980","23","Female","Bachelor's degree","literature","65000","sales analyst"
"1701302868474","41","Male","High school diploma or equivalent","n/a","35000","Transport Clerk"
"1702330405303","22","Female","High school diploma or equivalent","Criminal Justice ","64000","Consultant  "
"1702332762210","47","Female","Bachelor's degree","Biology/Math","230000","CEO"
"1702332775566","52","Female","Bachelor's degree","Business","62000","Ops Analyst"
"1702332779915","37","Male","Master's degree","Business administration","37949","Freelance Data Analyst"
"1702332783292","38","Male","High school diploma or equivalent","N/A","40000","Data Analyst"
"1702332784078","36","Male","Non-university diploma/certificate","Psych","15000","Data Entry "
"1702332785147","67","Female","High school diploma or equivalent","N/A","19000","Retired"
"1702332787539","34","Female","Bachelor's degree","History","43996","Retail Manager"
"1702332787931","46","Female","Bachelor's degree","Business administration ","64000","Entrepreneur"
"1702332789890","62","Female","Bachelor's degree","Elementary Ed.",NA,"housewife"
"1702332790003","42","Male","Bachelor's degree","education","75000","reshipping supervisor"
"1702332790237","29","Male","High school diploma or equivalent","N/A","49997","N/A"
"1702332791111","45","Male","High school diploma or equivalent",NA,NA,NA
"1702332791895","41","Female","High school diploma or equivalent",NA,"65000","Administrative Assistant"
"1702332793728","47","Female","Non-university diploma/certificate","Psychology","6000","Data annotation and yet unpaid fiction writing. "
"1702332794251","30","Male","High school diploma or equivalent",NA,"70000","Warehousing"
"1702332794736","32","Male","Master's degree","Psychology and Sociology","70000","I work in marketing."
"1702332797211","37","Female","Non-university diploma/certificate","n/a","38000","self employed"
"1702332797697","49","Female","Bachelor's degree","psychology","120000","surgical technician"
"1702332798378","33","Female","Bachelor's degree","Anthropology & Geology","35000","Writer"
"1702332799014","44","Female","Master's degree","art","24999","self employed"
"1702332800016","38","Male","High school diploma or equivalent","na","40000","dairy manager"
"1702332801318","56","Male","Doctorate","Civil Engineering ","100000","Engineer"
"1702332801545","61","Female","Doctorate","Engineering","12000","seasonal government worker"
"1702332804021","42","Male","Bachelor's degree","English","65000","paralegal"
"1702332805773","38","Female","Bachelor's degree","art","55000","freelancer"
"1702332807207","41","Male","Bachelor's degree","Cultural Studies","100000","Analyst"
"1702332812326","37","Male","Master's degree","leadership","109000","finance manager"
"1702332813304","57","Female","High school diploma or equivalent","none","69999","factory worker"
"1702332813370","57","Male","Bachelor's degree","History/Earth Science","44998","Freelance auditing"
"1702332813741","38","Female","Bachelor's degree",NA,"85000",NA
"1702332815073","58","Male","Bachelor's degree","English","62999","Technician"
"1702332818390","39","Female","Bachelor's degree","biology","70000","banking"
"1702332818783","38","Female","High school diploma or equivalent",NA,"75000","hotel management"
"1702332819006","43","Male","Non-university diploma/certificate","Math","45000","Office Services Site Manager"
"1702332820108","25","Female","Bachelor's degree","marketing","38000","real estate"
"1702332821349","29","Female","Bachelor's degree","Journalism and Mass Communication","48500","Communications Coordinator"
"1702332822102","56","Male","Master's degree","finance","45000","option trader"
"1702332824760","40","Male","Bachelor's degree","Business Administration","25000","Accounting"
"1702332827933","29","Male","Bachelor's degree","Operations Research","6000","Server"
"1702332832219","69","Female","Doctorate","Horticulture","197998","Retired from higher education"
"1702332842199","35","Male","Bachelor's degree","Computer Science","85000","Manager"
"1702332844843","39","Male","High school diploma or equivalent","Computer Sciences","110000","IT Engineer"
"1702332854294","26","Male","Bachelor's degree","business management","30000","community manager"
"1702332856662","31","Male","High school diploma or equivalent",NA,NA,NA
"1702332859751","54","Male","Bachelor's degree","Biology","250000","Client Relationship Manager"
"1702332860129","43","Male","Doctorate","Law","85000","Compliance Officer"
"1702332870669","35","Male","Non-university diploma/certificate",NA,"31000","CNA"
"1702332871517","36","Male","High school diploma or equivalent","NA","64999","Housekeeper"
"1702332873798","40","Male","Non-university diploma/certificate","computer science","41000","registration manager"
"1702332880623","25","Male","High school diploma or equivalent","N/A","28000","Online Sales"
"1702332887617","41","Female","Bachelor's degree","Economics","65000","Manager"
"1702332890907","35","Female","High school diploma or equivalent","art history / photography","50000","freelancer"
"1702332896355","33","Male","High school diploma or equivalent","n/a","39999","sales"
"1702332897292","42","Male","Master's degree","Chemistry","130000","Chemist"
"1702332898165","25","Male","Bachelor's degree","Accounting","98000","Accountant"
"1702332901649","62","Male","Master's degree","Mechanical Engineering","85000","Engineer"
"1702332901744","29","Prefer not to say","Bachelor's degree","Business","70000","Director"
"1702332903538","42","Male","Bachelor's degree","Law and Justice","80000","Real Estate Agent"
"1702332911136","34","Male","Bachelor's degree","American History","100000","Editor"
"1702332915873","50","Female","Non-university diploma/certificate","legal assisting","24000","secretary"
"1702332919323","33","Male","Non-university diploma/certificate","Political Science ","47","Food service"
"1702332920044","26","Female","Bachelor's degree","IT Tech","45000","IT Manager"
"1702332925098","36","Female","Bachelor's degree","Leadership","24000","Manager"
"1702332932354","36","Female","Bachelor's degree","English","50000","Retail"
"1702332933862","38","Female","High school diploma or equivalent",NA,"32000","food service"
"1702332940559","27","Female","Non-university diploma/certificate","Business","45000","office secretary"
"1702332944440","35","Male","High school diploma or equivalent","N/A","42000","Sales"
"1702332944749","33","Male","Bachelor's degree","Business Administration","57000","Billing Analyst"
"1702332951712","36","Female","Master's degree","Psychology","40000","unemployed, formerly retail associate"
"1702332956807","35","Male","High school diploma or equivalent","business","120000","Senior Sales Analyst"
"1702332957285","51","Female","Bachelor's degree","Business Administration ",NA,"Business analyst"
"1702332961045","30","Male","High school diploma or equivalent","n/a","115000","construction"
"1702332961307","30","Male","Bachelor's degree","Music","45000","Welder"
"1702332962022","44","Male","Non-university diploma/certificate","IT security / IT","74000","IT Engineer"
"1702332963137","28","Female","High school diploma or equivalent",NA,"1000","Self-employed"
"1702332964334","41","Male","Bachelor's degree","Electrical Engineering","47000","Electronic Repair"
"1702332968266","64","Male","High school diploma or equivalent","none","63000","Construction project manager."
"1702332974135","55","Male","Non-university diploma/certificate","REGISTERED NURSE","40","HHA"
"1702332975727","34","Female","Less than a high school diploma","none","59999","self employed"
"1702332976097","28","Female","Bachelor's degree","English","40000","Book Editor"
"1702332979084","52","Male","Doctorate","Science","119999","Finance manager"
"1702332986334","48","Male","Bachelor's degree","Computer Engineering","110000","Engineer"
"1702333004081","42","Female","Master's degree","Information Technology","129999","Software Developer"
"1702333009011","54","Female","Doctorate","psychology","24000","teacher"
"1702333012515","42","Male","Non-university diploma/certificate","Computer Networking","47000","Office Admin"
"1702333018645","34","Female","Bachelor's degree","human resources","20000","bookkeeper"
"1702333021897","43","Male","High school diploma or equivalent","psychology","51000","clinic assistant"
"1702333025080","51","Female","Bachelor's degree","Computer Networking","30000","self employed"
"1702333026495","64","Female","High school diploma or equivalent",NA,NA,"Quality control specialist"
"1702333041762","27","Male","Bachelor's degree","Accounting","75000","CPA"
"1702333044070","49","Female","Bachelor's degree","Psychology","55000","Manager"
"1702333049024","32","Male","High school diploma or equivalent","None.","30000","Line Leader"
"1702333052343","39","Male","Non-university diploma/certificate","Business Management","120000","Manager"
"1702333053705","39","Female","Bachelor's degree","neuroscience","45000","behavior technician"
"1702333056690","25","Male","High school diploma or equivalent",NA,"99000","Carpenter"
"1702333064856","41","Male","High school diploma or equivalent","N/A","79000","Writer"
"1702333068960","36","Male",NA,"computer science","60000","web developer"
"1702333074334","27","Male","Non-university diploma/certificate","Information Technology","70000","Analyst"
"1702333076269","61","Female","Master's degree","Information Science","42000","museum collections manager"
"1702333085109","34","Female","Non-university diploma/certificate","Communications","9997","unemployed"
"1702333088493","39","Female","Bachelor's degree","Social Science","71000","Accounting manager"
"1702333091509","45","Female","Bachelor's degree","Media","62000","Client developer "
"1702333103634","33","Male","Bachelor's degree","Psychology","29000","Special Education Paraprofessional"
"1702333112884","31","Prefer not to say","Non-university diploma/certificate",NA,NA,NA
"1702333118541","42","Female","Non-university diploma/certificate","Business","75000","Educator"
"1702333120719","43","Male","Bachelor's degree","rehab science","29497","self-employed"
"1702333126854","44","Male","High school diploma or equivalent","architecture","12000","SEO"
"1702333132678","39","Male","High school diploma or equivalent",NA,"35000","Information Technology Specialist"
"1702333141537","52","Male","Bachelor's degree",NA,"39000","educational consultant"
"1702333154389","34","Male","Bachelor's degree","political science","120000","energy manager"
"1702333155501","33","Male","Master's degree","Finance","64999","Finance Analyst"
"1702333159912","41","Female","Master's degree","Communications","100000","Editor"
"1702333160569","56","Female","Master's degree","Sociology","48000","Manager"
"1702333169288","34","Male","High school diploma or equivalent","Business","10000","Freelance"
"1702333176652","42","Male","Bachelor's degree","IT","37000","IT Analyst"
"1702333181136","28","Female","Bachelor's degree","economics","50000","office assistant"
"1702333183165","45","Female","High school diploma or equivalent","n/a","20998","Construction and landscaping "
"1702333183507","69","Female","Non-university diploma/certificate","Information Technology","25000","retired"
"1702333183607","45","Male","Bachelor's degree","Sports medicine ","165000","Physical Therapist for the Baltimore Ravens"
"1702333184285","27","Male","Bachelor's degree","Cybersecurity","150000","Self employed"
"1702333191769","43","Male","High school diploma or equivalent",NA,"100000","Lead Host"
"1702333194685","30","Male","Bachelor's degree","Business","36000","Retail"
"1702333195531","33","Male","Bachelor's degree","business administration","72000","accountant"
"1702333205201","41","Male","Bachelor's degree","economics","76000","expatriate payroll lead analyst "
"1702333208690","47","Male","Bachelor's degree","communications","80000","unemployed"
"1702333212409","25","Male","Non-university diploma/certificate","digital marketing","50000","sales person"
"1702333213463","62","Female","Bachelor's degree","Social Work","95000","Administrative Assistant"
"1702333214157","55","Female","Non-university diploma/certificate","Communications","15000","retired"
"1702333219943","41","Male","Bachelor's degree","Information Systems","135000","IT Manager"
"1702333223588","31","Male","Bachelor's degree","Business","85000","Manager"
"1702333224713","42","Male","High school diploma or equivalent",NA,"25000","Shipping Coordinator "
"1702333232432","36","Male","Bachelor's degree","Information Technology ","150000","Information Technology Administrator "
"1702333232543","32","Male",NA,NA,"50000","Unemployed"
"1702333243089","37","Male","Bachelor's degree","Business","84000","Sales Manager"
"1702333245370","72","Female","High school diploma or equivalent",NA,"45000","Retired"
"1702333248816","38","Male","High school diploma or equivalent",NA,"70000","retial"
"1702333287378","64","Male","High school diploma or equivalent","N/A","15600",NA
"1702333288554","42","Male","Master's degree","Secondary Education","25000","Retail Manager"
"1702333290746","42","Female","Master's degree","Finance","75000","Manager"
"1702333292299","34","Male","Bachelor's degree","Philosophy","55000","Property Management"
"1702333296641","43","Male","High school diploma or equivalent","None","10000","Self-employed gig work"
"1702333313160","26","Female","Bachelor's degree","Geography","100000","Environmental specialist for state government"
"1702333323097","29","Female","Bachelor's degree","English and Art","40997","Educator"
"1702333325796","38","Male","Bachelor's degree","geography","88000","utilites"
"1702333332620","47","Male","High school diploma or equivalent","Business Administration","82000","Cabinet Install Coordinator"
"1702333343540","39","Male","Bachelor's degree","Computer Science","205000","IT Manager"
"1702333359978","32","Female","Master's degree","Business Administration","85000","I work as a bookkeeper at a dental office"
"1702333373179","26","Male","High school diploma or equivalent",NA,NA,NA
"1702333378359","39","Male","Bachelor's degree","Liberal Arts","65999","Production Designer"
"1702333404844","29","Male","High school diploma or equivalent","Finance","64000","Editor"
"1702333409397","38","Female","High school diploma or equivalent","none","80000","self employed artist"
"1702333418959","39","Male","High school diploma or equivalent",NA,"40000","retail associate"
"1702333422175","36","Male","Bachelor's degree","Game Development","10000","Unemployed"
"1702333423092","37","Male","High school diploma or equivalent","N/A","10000","N/A"
"1702333446108","28","Male","Bachelor's degree","Mass Communication","78000","Communications Specialist"
"1702333454537","33","Male","High school diploma or equivalent","bioinformatics","50000","unemployed"
"1702333457505",NA,"Female","High school diploma or equivalent",NA,"52000","Disability Services"
"1702333460988","22","Male","High school diploma or equivalent","Chemistry","1000","Student"
"1702333468371","48","Female","Non-university diploma/certificate","Law Enforcement","104999","Teacher Para"
"1702333471314","48","Female","High school diploma or equivalent","N/A","39520","Retail worker"
"1702333491193","43","Male","Non-university diploma/certificate","Information Technology","36","IT Admin"
"1702333516739","26","Male","High school diploma or equivalent","ged","100000","counstructon"
"1702333527757","28","Male","High school diploma or equivalent",NA,"43000","Floor installer"
"1702333540552","50","Female","Bachelor's degree","Journalism","35999","writer"
"1702333592318","32","Male","Bachelor's degree","Accounting ","78000","Accounting"
"1702333610166","34","Male","High school diploma or equivalent","Business Administration","50000","Landscaper"
"1702333617365","39","Female","Bachelor's degree","Business","39000","Editor"
"1702333630013","33","Male","High school diploma or equivalent","Physics","75000","Sales Manager"
"1702333630109","37","Male","High school diploma or equivalent",NA,"80000","front end manager"
"1702333721616","58","Male","Non-university diploma/certificate","Mathematics","75000","U.S. Coast Guard, retired"
"1702333728246","33","Male","High school diploma or equivalent","None","35000","Cashier"
"1702333744828","33","Male","High school diploma or equivalent","n/a","50000","sales manager "
"1702333783086","39","Female","Bachelor's degree","English","29000","Writer"
"1702333785020","43","Male","Bachelor's degree","Political Science","40000","Unemployed"
"1702333789763","41","Male","Bachelor's degree","Business Administration","94999","District Manager"
"1702333807530","66","Male","Master's degree","Biology","60000","Teacher"
"1702333822603","68","Male","High school diploma or equivalent","Botany","67998","Retired"
"1702333826755","20","Male","High school diploma or equivalent","Computer engineering","50000","Student"
"1702333866289","28","Male","High school diploma or equivalent","n/a","25000","retail"
"1702333872168","33","Female","Bachelor's degree","comp sci","40000","Sales rep"
"1702333875178","28","Male","Bachelor's degree",NA,NA,NA
"1702333940580","38","Male","Bachelor's degree","Computer Science","75000","Sofware Developer"
"1702333959024","55","Male","Non-university diploma/certificate","Journalism","89999","Trainer"
"1702333977943","36","Male","Bachelor's degree","public health","27000","waste water"
"1702333983410","27","Female","Master's degree","psychology/hr","0","unemployed"
"1702334009987","39","Male","Bachelor's degree","Laboratory Medicine","52499","MLT (medical laboratory technologist)"
"1702334080579","46","Male","High school diploma or equivalent","General studies","44999","Building Manager"
"1702334145569","46","Male","Bachelor's degree","Business","30000","Retail Sales Manager"
"1702334193370","36","Male","Bachelor's degree","Journalism","62999","marketing content writer"
"1702334210445","31","Female","Bachelor's degree","Business",NA,"Sales manager"
"1702334291763","36","Male","Bachelor's degree","Social Sciences","25000","Chef"
"1702334390687","31","Male","Bachelor's degree","Electrical Engineering","50000","Electrician"
"1702334446817","20","Female","High school diploma or equivalent","Engineering","50000","Employed (Part-Time)"
"1702334518243","63","Male","Doctorate","psychology","27000","event work"
"1702334551417","32","Male","High school diploma or equivalent","n/a","54000","Construction"
"1702334572836","30","Male","Bachelor's degree","Psychology ","80000","Operations Manager"
"1702334587074","29","Female","Bachelor's degree","Art History","36000","Art studio manager"
"1702334604193","52","Female","Bachelor's degree","premed","59998","designer"
"1702334826655","28","Male","Bachelor's degree","Engineering","25000","Engineer"
"1702334830417","36","Female","Bachelor's degree","Accounting","73995","HR Manager"
"1702334868884","36","Male","High school diploma or equivalent","N/A","35000","Service technician"
"1702334923149","35","Male","Non-university diploma/certificate",NA,"70000","Technician"
"1702334951216","34","Male","Bachelor's degree","english","45000","manager"
"1702334976003","59","Male","Doctorate","history","54998","crowd worker"
"1702334996865","69","Female","Bachelor's degree","Computer Science","25500","Semiretired IT/technology professional/multiple positions"
"1702334998144","39","Male","Bachelor's degree","mass communications/journalism","40696","teacher assistant"
"1702335012660","71","Male","High school diploma or equivalent","istory","40000","server"
"1702335068320","36","Male","Bachelor's degree","Business administration","67000","QA analyst"
"1702335095760","38","Male","High school diploma or equivalent","n/a","28998","retail"
"1702335177748","51","Female","Bachelor's degree","Information management","26998","not currently working"
"1702335178996","36","Male","High school diploma or equivalent","mechanic","96000","IT manager"
"1702335195677","54","Male","Non-university diploma/certificate","Paralegal","33500","Paralegal"
"1702335239719","59","Male","Bachelor's degree","business","252000","engineer"
"1702335274865","50","Male","Master's degree","Engineering","125000","Engineer"
"1702335278689","43","Male","Bachelor's degree","Computer Engineering","60000","Sales Manager"
"1702335304817","34","Male","High school diploma or equivalent","Arts","40000","Sales Manager"
"1702335311786","41","Male","High school diploma or equivalent","high school","25000","data entry"
"1702335331618","28","Male","Bachelor's degree","Finance ","75000","Finance "
"1702335333301","43","Female","Non-university diploma/certificate","computer information systems","70000","independent contractor"
"1702335350474","30","Male","High school diploma or equivalent","Psychology","39998","mTurk Worker"
"1702335448209","62","Female","Non-university diploma/certificate","Healthcare","70000","Healthcare"
"1702335628437","33","Female","Non-university diploma/certificate",NA,"36000",NA
"1702335673850","41","Female","Bachelor's degree","biology","20000","data entry specialist"
"1702335736012","40","Male","Bachelor's degree","Philosophy","20000","Logistics"
"1702335932994","29","Male","Bachelor's degree","Finance","75000","credit analyst"
"1702336098285","47","Female","Non-university diploma/certificate",NA,"46000","office assistant"
"1702336144187","35","Male","Bachelor's degree","Computer Science","52000","IT Service Manager"
"1702336339547","38","Male","Bachelor's degree","Business","45000","Clerk"
"1702336427236","51","Male","Bachelor's degree","BS in Computer Science","130000","Futures Trader"
"1702336443048","41","Female","High school diploma or equivalent","N/a","74000","Administrative assistant "
"1702336447204","70","Male","High school diploma or equivalent",NA,"25000","RETIRED"
"1702336448196","33","Female","Master's degree","Religion, Ethics, and Politics","89000","IT"
"1702336456350","40","Male","Bachelor's degree","marketing, psychology","90000","operations manager"
"1702336458081","64","Male","Bachelor's degree","Philosophy","89999","Retired"
"1702336468041","31","Female","Bachelor's degree","Marine Biology","75000","data analyst"
"1702336468175","49","Female","Master's degree","computer science","78000","salesperson"
"1702336470271","25","Female","Master's degree","Biology","70000","Project Assistant"
"1702336473602","68","Male","High school diploma or equivalent","none","16000","none"
"1702336484877","65","Male","Bachelor's degree","Technical Writing","80000","Retired Military"
"1702336486912","38","Female","Master's degree","International Affairs","49000","CNA"
"1702336489299","58","Male","Bachelor's degree","Acccounting","60000","Accountant"
"1702336492196","46","Female","Master's degree","Software Engineering","99000","Software Engineer"
"1702336493096","41","Male","Master's degree","Business ","145000","Director "
"1702336506118","34","Female","High school diploma or equivalent","i went to tech school for medical service dog training ","72000","medical service dog trainer "
"1702336516629","72","Male","Non-university diploma/certificate","Philosophy","45000","drug and alcohol screener"
"1702336518298","58","Female","High school diploma or equivalent",NA,"49","medical biller"
"1702336526085","51","Male","Bachelor's degree","Physics","144999","Information Technology database specialist"
"1702336531424","68","Female","Bachelor's degree","humanities","50000","educator"
"1702336548929","39","Female","Bachelor's degree","Engineering","158800","Director"
"1702336558730","38","Male","Master's degree","Accounting","97000","Financial Analyst"
"1702336562658","46","Female","Bachelor's degree","graphic communications","60000","graphic designer"
"1702336594466","28","Male","Bachelor's degree","Communication","13997","Administrative Assistant"
"1702336607363","48","Male","Bachelor's degree",NA,"68000","Engineer"
"1702336613484","38","Prefer not to say","Bachelor's degree","prefer not to disclose","10000","prefer not to disclose"
"1702336643167","34","Female","Bachelor's degree","Anthropology","35000","Adult ESL tutoring"
"1702336659492","56","Female","Non-university diploma/certificate","n/a","17500","clerical support"
"1702336864012","64","Male","Bachelor's degree","BSEE","16500","retired"
"1702336901910","40","Male","Bachelor's degree","Computer Science","108000","Analyst"
"1702337085444","33","Male","Bachelor's degree","computer science","69000","n/a"
"1702337106770","28","Male","Bachelor's degree","Accounting","55000","Frontline Manager"
"1702337209280","37","Male","Bachelor's degree","Statistics","25000","QA Transcription"
"1702337230175","35","Male","Bachelor's degree","Management Information Systems","67000","IT Specialist"
"1702337243913","39","Female","Bachelor's degree","chemistry","60000","microbiologist"
"1702337340101","48","Male","Non-university diploma/certificate","Liberal Arts","45000","Customer Service Rep"
"1702337407324","31","Female","Bachelor's degree","Bachelor of Game Arts and Designs","5000","Freelance Web Developer"
"1702337412000",NA,NA,"Non-university diploma/certificate","General Studies","19000","Merchandiser"
"1702337510728","42","Male","Bachelor's degree","American studies","70000","teacher aide"
"1702337513196","33","Female","Bachelor's degree","Communications","67000","Site Supervisor"
"1702337546493","30","Male","Bachelor's degree","college","50000","finance"
"1702337613999","24","Female","Bachelor's degree","comp sci","88000","supervisor"
"1702337619777","36","Female","Master's degree","Computer Science","100000","Unemployed"
"1702337711075","41","Male","Doctorate","finance","280000","not working due to illness"
"1702337878810","40","Female","Doctorate","law","94998","attorney"
"1702338242156","35","Male","Bachelor's degree","Biology","75000","unemployed"
"1702338406849","51","Male","Master's degree","Business","213000","Project Manager"
"1702338421882","64","Male","Bachelor's degree","communication",NA,"writer"
"1702338587249","63","Female","Non-university diploma/certificate","accounting","20000","home health aide"
"1702338696269","47","Male","Bachelor's degree","Film","63000","Audio Technician"
"1702338834885","51","Male","Non-university diploma/certificate","science","50000","manger"
"1702338851852","43","Male","Master's degree","business administration","123000","director"
"1702339263057","41","Female","Bachelor's degree","Economics","78000","Supervisor"
"1702339386338","24","Male","Bachelor's degree","pharmacy","300000","pharmacy student"
"1702339736540","43","Female","Bachelor's degree","data science","200000","boss"
"1702339806419","29","Female","Bachelor's degree","Nursing","131000","nurse"
"1702340057577","45","Male","Non-university diploma/certificate","Digital Media","50000","Delivery Driver"
"1702340090347","41","Male","Bachelor's degree","Business Administration","95000","Systems Analyst"
"1702340138037","69","Female","High school diploma or equivalent","n/a","146999","housewife"
"1702340142070","39","Male","Bachelor's degree","Information Technology","120000","IT Specialist"
"1702340174561","44","Female","High school diploma or equivalent","n/a","21999","data keyer"
"1702340193540","66","Male","Master's degree","economics","209","bartender"
"1702340960284","42","Male","Non-university diploma/certificate","Computer Science","50000","Consultant"
"1702341288950","23","Female","Bachelor's degree",NA,"75000","IT"
"1702341326098","44","Female","High school diploma or equivalent","N/A","5600","Freelance contractor"
"1702341580262","22","Female","Bachelor's degree","economics","76000","Sales analyst"
"1702341718755","64","Male","Bachelor's degree","Geology","124999","Retired geologist"
"1702343192136","31","Male","Bachelor's degree","Information","94000","Information Analyst"
"1702343882891","28","Male","Bachelor's degree","Chemist","65000","Chemist"
"1702350960785","61","Female","Bachelor's degree","Accounting","2998","self-employed"
"1702354390911","72","Male","Non-university diploma/certificate","Electronic technology","19949","Retired"
"1703257100667","24","Female","Bachelor's degree","phil and psych","0",NA
"1704743088119","24","Female","Bachelor's degree","psych and phil ","2","grad student"
"1704987265732","21","Female","High school diploma or equivalent","Psychology","150000","Student"
"1705277475643","41","Male","Master's degree","Finance","149999","Manager"
"1705279176636","35","Male","Bachelor's degree","Business Administration","60000","Manufacturing"
"1705279178335","38","Male","Non-university diploma/certificate","Computer Science","45000","Self-employed"
"1705279370373","48","Female","Bachelor's degree","psychology","80000","case manger"
"1705281081734","45","Male","Master's degree","Chemistry","168000","Field Service Engineer (Chemistry)"
"1705281173013","41","Male","High school diploma or equivalent","NA","35000","aquatics specialist"
"1705281240019","41","Male","Bachelor's degree","engineering","34997","retail"
"1705282446157","39","Male","Bachelor's degree","Secondary education","97000","U.S. History teacher"
"1705282449178","36","Male","Bachelor's degree","Math","65000","Operations Manager"
"1705282470031","53","Male","Master's degree",NA,"22000","Designer"
"1705282471578","53","Male","Bachelor's degree","Finance","74000","Financial Manager"
"1705282472219","44","Male","Master's degree","hr","74998","manager"
"1705282608902","48","Male","Bachelor's degree","Business","54998","Project Manager"
"1705282736738","29","Prefer not to say","Bachelor's degree","Business","20000","Remote Worker"
"1705282746201","38","Female","Master's degree","Political Science ","60000","Homemaker "
"1705282775303","30","Male","Bachelor's degree","Sociology","50000","Hospital Technician"
"1705282846027","38","Male","Master's degree","public affairs","175000","government"
"1705282877447","41","Male","Bachelor's degree","Small Business Management","125000","Firefighter"
"1705283331474","39","Male","Bachelor's degree",NA,"45000","photo"
"1705283676356","23","Female","Non-university diploma/certificate","general associates","11998","freelancer"
"1705283787829","57","Male","Master's degree","Engineering (undergraduate) and Business (graduate)","275000","Business Program Director for a Technology Corporation"
"1705283949124","34","Male","Master's degree","Mathematics","95000","Education"
"1705284181754","29","Male","Bachelor's degree","Finance","50000","Financial Manager"
"1705284228268","34","Female","Bachelor's degree","healthcare","75000","supervisor"
"1705284486010","32","Male","Bachelor's degree","print journalism","50000","pharmacy technician"
"1705284486663","33","Male","Bachelor's degree","Math","50000","Data analyst"
"1705284980448","33","Male","Bachelor's degree","Computer Science","75000","Engineer"
"1705285390125","34","Male","High school diploma or equivalent",NA,"31999","Cashier"
"1705285518734","25","Female","Bachelor's degree","Business Administration","40000","Administrative officer"
"1705285577343","54","Male","Master's degree","Mechanical Engineering","224999","Program manager"
"1705285665135","69","Male","Master's degree","History","54998","Educator"
"1705285821087","35","Male","Bachelor's degree","chemistry","200000","Formulation chemist"
"1705286126749","36","Male","Master's degree","Business","195000","Program Director"
"1705286183682","31","Male","Non-university diploma/certificate","CDL school","10000","farmer"
"1705286390974","36","Female","High school diploma or equivalent","nursing","15999","direct support professional"
"1705286410994","41","Male","Bachelor's degree","Journalism","50000","Designer"
"1705288398540","41","Male","High school diploma or equivalent","Not Applicable","39000","Quality Inspector"
"1705288544290","24","Female","Doctorate","Biology","79000","resident"
"1705288948725",NA,"Prefer not to say","High school diploma or equivalent",NA,"69999","Retired"
"1705291661755","39","Female","Master's degree","Accounting","43999","Customer Service Representative"
"1705292657392","36","Male","Bachelor's degree","Economics","85000","Market Research Analyst"
"1705586013888","21","Female","Bachelor's degree","Psychology, Human Resources","0","Student"
"1705944942805","27","Male","Bachelor's degree","Marketing and Economics","169999","Director or Technology "
"1705944944211","53","Female","Non-university diploma/certificate","Computer programming","55000","medical transcriptionist"
"1705944946895","31","Male","Bachelor's degree","Engineering","25000","Bartender "
"1705944952541","45","Male","Bachelor's degree","Chemical engineering","21998","unemployed"
"1705944954830","33","Male","Bachelor's degree","Ecinomics","50000","Service"
"1705944955127","45","Male","Bachelor's degree","computer science","40000","network administrator"
"1705944955150","33","Male","Non-university diploma/certificate","Computers/Information Technology","23000","IT Consulting"
"1705944955204","50","Male","Bachelor's degree","Music Theory & Composition","27000","Office Assistant"
"1705944961428","45","Male","High school diploma or equivalent","Computer Science","119000","Systems Administrator"
"1705944968170","42","Female","Bachelor's degree","English Literature","165000","Assistant to commercial real estate broker"
"1705944972248","35","Male","High school diploma or equivalent","n/a","15000","retail"
"1705944980424","32","Male","Bachelor's degree","Finance","120000","Accountant"
"1705945010571","23","Male","High school diploma or equivalent","none","12000","none"
"1705945010715","52","Male","Non-university diploma/certificate","Commercial Art","54000","EHR Product Specialist"
"1705945010835","33","Male","Master's degree","Accounting","115000","Audit Supervisor"
"1705945010966","52","Male","Bachelor's degree","Political Science","73998","Sales Manager"
"1705945011134","43","Female","High school diploma or equivalent","N/A","62999","online platform gig worker and homemaker"
"1705945011892","30","Male","High school diploma or equivalent","None","10000","Sales Associate "
"1705945012299","60","Male","High school diploma or equivalent","Fire Science","85000","NA"
"1705945012485","54","Male","High school diploma or equivalent","N/A","56000","Property Management"
"1705945012633","45","Male","Bachelor's degree","Drafting and Design","185000","Product Support Manager"
"1705945012726","32","Male","Bachelor's degree","Business Management","180000","Manager"
"1705945013085","36","Male","Bachelor's degree","English","75000","Editor"
"1705945013131","24","Female","High school diploma or equivalent","N/A","119000","Secretary"
"1705945013439","37","Female","Bachelor's degree","ENGLISH","69998","ARTIST"
"1705945013768","46","Female","High school diploma or equivalent","Computer Information Systems","120000","Web developer"
"1705945013979","49","Female","Non-university diploma/certificate","TCAT certification in Business Systems Technology/Office Assistant","32996","Transcriber"
"1705945014614","40","Male","Bachelor's degree","Psychology","101000","Data Analyst"
"1705945014914","57","Male","High school diploma or equivalent","N/A","35000","truck driver"
"1705945015103","52","Female","High school diploma or equivalent","Accounting","69000","retail department manager"
"1705945015540","43","Female","Non-university diploma/certificate","n/a","55000","Exec Asst."
"1705945016595","51","Female","Master's degree","Biology","81000","Lab Manager"
"1705945016714","34","Male","Bachelor's degree","Engineering","35000","Self Employed "
"1705945017075","35","Male","Bachelor's degree","computer science","40000","programmer"
"1705945018454","57","Female","High school diploma or equivalent","n/a","49000","assistant store manager"
"1705945018980","33","Male","High school diploma or equivalent","N/A","57000","Store manager"
"1705945019519","34","Male","Bachelor's degree","Theatre Arts","36000","Temporarily unemployed"
"1705945019711","32","Male","Bachelor's degree","Business","159997","Project Manager"
"1705945019808","55","Non-Binary",NA,"Human Services","5000","unemployed"
"1705945020489","37","Female","Bachelor's degree","i completed","20000","worker"
"1705945022068","56","Male","Master's degree","Economics","75000","Enginner"
"1705945022195","37","Male","Bachelor's degree","Business Technology Administration","150000","Certification Coordinator"
"1705945023003","73","Male","Bachelor's degree","English","106000","consultant"
"1705945024616","35","Male","Bachelor's degree","Mechanical Engineering","90000","Mechanical Engineer"
"1705945024810","59","Female","High school diploma or equivalent",NA,"69000","Admin"
"1705945025085","47","Female","Bachelor's degree","Art","75000","Artistic Director"
"1705945025215","49","Male","Bachelor's degree","Health Sciences","150000","Customer Service"
"1705945025884","62","Female","High school diploma or equivalent",NA,"20000","Retired"
"1705945026137","38","Male","High school diploma or equivalent",NA,"64000","Curator"
"1705945028444","60","Male","Bachelor's degree","accounting","63000","fragrance retail sales"
"1705945029349","38","Male","Bachelor's degree","Biology","150000","Hospital administrator"
"1705945029584","60","Female","Bachelor's degree","business management","65000","accountant"
"1705945029718","53","Male","Doctorate","English","75000","homemaker"
"1705945032810","57","Male","Master's degree","IT","75000","Manager"
"1705945032988","34","Female","Master's degree",NA,"140000","Office manager"
"1705945033019","37","Male","Bachelor's degree","Business","250000","Executive"
"1705945035138","49","Female","High school diploma or equivalent","education","69998","customer service representative"
"1705945040380","44","Female","Master's degree","education","135000","administrator"
"1705945041310","36","Male","Non-university diploma/certificate","electronic technology","35000","carpenter"
"1705945041923","34","Female","Non-university diploma/certificate","graphic design","44998","business owner"
"1705945042815","59","Female","Bachelor's degree","english","80500","teacher"
"1705945045241","46","Female","High school diploma or equivalent","na","35000","team lead/trainer"
"1705945046235","36","Female","High school diploma or equivalent",NA,"50000","Retail"
"1705945051024","44","Male","High school diploma or equivalent",NA,"43000","cook"
"1705945052807","41","Male","High school diploma or equivalent",NA,"35000","Electrician"
"1705945053269","36","Male","High school diploma or equivalent","NA","42000","Shipping Manager"
"1705945054170","75","Female","Bachelor's degree","Computer programming","25000","Retired"
"1705945054728","46","Male","Bachelor's degree","computer science","80000","support manager"
"1705945058014","45","Female","High school diploma or equivalent","none","40000","homemaker"
"1705945058889","63","Male","Bachelor's degree","Computer science","69997","Teacher"
"1705945060350","29","Female","Bachelor's degree","business and accountinf","40000","IT administration tech "
"1705945064444","59","Male","High school diploma or equivalent","na","34000","it tech"
"1705945064584","57","Female","Non-university diploma/certificate","general","19400","freelancer"
"1705945065328","60","Female","High school diploma or equivalent",NA,"34000","Concierge "
"1705945068489","49","Female","High school diploma or equivalent","n/a","43000","freelance"
"1705945075083","38","Male","High school diploma or equivalent","None","46500","Sales Manager"
"1705945078158","78","Male","Master's degree","Geology","20000","Geologist (Retired)"
"1705945078509","41","Male","High school diploma or equivalent",NA,"20000","Unemployed"
"1705945078822","36","Male","Bachelor's degree","Business Management","74500","Data Quality Analyst"
"1705945081558","44","Male","Bachelor's degree","Criminal Justice","200000","IT"
"1705945082242","45","Female","Non-university diploma/certificate","Arabic","125003","homemaker"
"1705945083349","26","Female","Master's degree","Athletic Training and Exercise Science","51998","Athletic Trainer"
"1705945084415","31","Male","High school diploma or equivalent","NA","20000","driver"
"1705945085935","30","Male","Bachelor's degree","psychology, clinical mental health counseling","23999","customer service rep"
"1705945089786","51","Male","High school diploma or equivalent",NA,"30000","Material Handler"
"1705945093904","33","Female","High school diploma or equivalent","N/A","25000","Homemaker"
"1705945093939","39","Male","High school diploma or equivalent","n/a","65000","laborer"
"1705945096407","40","Male","High school diploma or equivalent",NA,"0","Bum"
"1705945102099","35","Female","Master's degree","Computer Science","70000","Enrollment Specialist"
"1705945102425","30","Male","High school diploma or equivalent",NA,"40000","Wholesale Trader"
"1705945103483","57","Male","Master's degree","finance","160000","higher ed administration"
"1705945103695","26","Female","Bachelor's degree","Political Science","60000","Analyst"
"1705945105880","41","Male","Bachelor's degree","Economics","59000","System Admin"
"1705945108881","55","Female","Non-university diploma/certificate","computer science","54000","homemaker"
"1705945109650","24","Male","High school diploma or equivalent","Marketing","10000","Manager"
"1705945110901","70","Male","Bachelor's degree","chemistry","55000","chemist"
"1705945114883","32","Female","Less than a high school diploma",NA,"20000","retail"
"1705945115312","39","Male","Bachelor's degree","English","10000","AI Evaluator"
"1705945117174","37","Male","Less than a high school diploma",NA,"25000","self employed"
"1705945117679","73","Female","Master's degree","Library Science","89995","retired school librarian"
"1705945118387","34","Female","Bachelor's degree","English Education","42000","homemaker"
"1705945120123","45","Female","Bachelor's degree","Health Administration",NA,"O.R. Scheduling Assistant"
"1705945121298","68","Male","Master's degree","math","44000","retired"
"1705945122344","51","Female","Master's degree","Education","48999","administration"
"1705945123129","31","Male","High school diploma or equivalent","N/A","28000","Repairman"
"1705945124393","50","Female","Bachelor's degree","public health","54991","public health"
"1705945127540","43","Male","Master's degree","Data Analytics","98000","Data Analyst"
"1705945128908","45","Male","High school diploma or equivalent","n/a","9998","amazon turker"
"1705945130600","34","Male","High school diploma or equivalent","biology","11000","NA"
"1705945132390","32","Male","Bachelor's degree","Journalism","75000","Writer"
"1705945134897","43","Female","Bachelor's degree","liberal arts","52000","case manager"
"1705945136616","29","Male","High school diploma or equivalent",NA,"19000","Lead Baker"
"1705945139804","29","Male","Bachelor's degree","computer & science","48000","First level manager"
"1705945140669","37","Male","Bachelor's degree","Economics","75000","Financial analyst"
"1705945142666","41","Female","Bachelor's degree","Communications","59000","Business Owner - dog training company"
"1705945142820","37","Female","Bachelor's degree","Biochemistry","60000","Sales Manager"
"1705945145587","39","Male","Non-university diploma/certificate","Criminal Justice","37000","Security"
"1705945149027","45","Male","High school diploma or equivalent","Art","39998","Unemployed atm (medical issue)"
"1705945152729","36","Female","Bachelor's degree","Psychology and Art","25000","Antique dealer and artist"
"1705945152793","43","Male","Bachelor's degree","Business","90000","Financial Analyst"
"1705945157365","39","Male","Master's degree","History","110000","Analyst"
"1705945157807","25","Male","High school diploma or equivalent",NA,"25000","Retail"
"1705945161197","34","Female","Bachelor's degree","general studies","70000","homemaker"
"1705945161811","47","Male","Bachelor's degree","Computer Science","15000","Software Dev"
"1705945162096","41","Female","Master's degree","Data Science","62997","data analyst"
"1705945168543","49","Male","Bachelor's degree","Biology","90000","Hotel restaurant manager"
"1705945171430","39","Female","Non-university diploma/certificate","practical nursing","35000","retail associate"
"1705945179126","53","Male","Bachelor's degree","Finance","70000","Shipping and receiving associate"
"1705945179409","50","Male","Bachelor's degree","business","78000","retail manager"
"1705945180974","28","Male","Non-university diploma/certificate","Graphic Design","105000","Graphic Design"
"1705945181415","37","Female","Bachelor's degree","Psychology","220000","self employed"
"1705945181715","41","Female","Bachelor's degree","Speech and Hearing","30000","Tutor"
"1705945182457","31","Male","Bachelor's degree","Mechanical Engineering","25000","Delivery Driver"
"1705945191531","52","Female","High school diploma or equivalent","N/A","75000","Prime Now Shopper"
"1705945193192","41","Male","High school diploma or equivalent",NA,"998","Data Entry"
"1705945193448","58","Female","Bachelor's degree","Business Adm","92000","Retired"
"1705945196945","30","Female","High school diploma or equivalent","n/a",NA,"social media evaluator"
"1705945198982","32","Female","Bachelor's degree","English","57500","Teacher"
"1705945199408","38","Male","Master's degree","sociology","145000","marketing manager"
"1705945202375","57","Female","Master's degree","MBA finance","128978","project manager"
"1705945203704","42","Male","Non-university diploma/certificate","Business Administration","175000","Sales "
"1705945204400","33","Male","High school diploma or equivalent",NA,"45000","sales"
"1705945205287","62","Male","Bachelor's degree","Business ","220000","Warden of a federal prison"
"1705945208133","54","Female","Bachelor's degree","CIS","70000","Technical Analyst"
"1705945216604","64","Male","Non-university diploma/certificate","electrical engineering","195000","Forestry"
"1705945227276","28","Male","Bachelor's degree","engineering","40000","engineer"
"1705945234688","41","Female","High school diploma or equivalent","N/A","40000","Transcriptionist"
"1705945248318","35","Female","Bachelor's degree","history","133000","office manager of a high end residential architecture firm"
"1705945251199","30","Male","Bachelor's degree","nursing","115000","burse"
"1705945254062","36","Male","High school diploma or equivalent","Accounting","70000","Sales"
"1705945257950","44","Female","Bachelor's degree","Communication Studies","52000","Customer Service"
"1705945259457","34","Male","Bachelor's degree","Political Science","60000","Service"
"1705945281118","62","Female","Bachelor's degree","electrical engineering","130000","purchasing director"
"1705945283042","70","Male","Bachelor's degree","none","110000","math tutor"
"1705945284036","31","Female","High school diploma or equivalent","not in school","20000","assistant teacher"
"1705945286715","52","Female","Non-university diploma/certificate","Music Ed","189981","media guest coordinator"
"1705945289600","38","Female","Bachelor's degree","physical therapy","85000","childcare director"
"1705945291357","46","Female","Master's degree","computer","98","Computer Engineer"
"1705945292718","48","Male","Bachelor's degree","Business Management","100000","Financial Analyst"
"1705945294770","38","Female","High school diploma or equivalent","N/A","21000","csr"
"1705945296059","25","Male","High school diploma or equivalent",NA,"19999","retail "
"1705945302246","45","Prefer not to say","Non-university diploma/certificate","none","7000","small business owner. Special needs and senior pet sitter"
"1705945309551","34","Female","Bachelor's degree","business","500000","manager"
"1705945310246","38","Female","Master's degree","Public health","150000","Data manager"
"1705945312276","36","Male","Non-university diploma/certificate","ems","111000","firefighter emt"
"1705945318139","36","Female","Master's degree","Education","75000","Teacher"
"1705945322849","45","Female","Non-university diploma/certificate","Education","23500","IT computer tech"
"1705945331095","70","Male","Master's degree","Accounting   Computer Science","110000","Retired Database Administrator"
"1705945331122","61","Female","High school diploma or equivalent",NA,"30000","retired"
"1705945334357","44","Male","Bachelor's degree",NA,"60000","Artist"
"1705945341321","43","Female","High school diploma or equivalent","n/a","18000","retail sales worker"
"1705945343544","41","Male","Bachelor's degree","science","41000","retail"
"1705945346050","35","Female","Non-university diploma/certificate",NA,"63997","retail associate"
"1705945348292","45","Male","Non-university diploma/certificate","IT science","0","Unemployed"
"1705945348422","42","Male","High school diploma or equivalent",NA,"9999","disabled"
"1705945348609","37","Female","Bachelor's degree","Psychology ","175000","Administration "
"1705945353463","37","Male","Bachelor's degree","Mathematics","60000","Accountant"
"1705945353734","37","Male","Bachelor's degree",NA,"150000","Database Administrator"
"1705945353999","38","Male","Master's degree","Accounting","200000","Finance Manager"
"1705945354412","45","Female","Non-university diploma/certificate","liberal arts","50996","help desk support"
"1705945357771","44","Female","Bachelor's degree","Psychology","75000","Operations Supervisor"
"1705945362027","56","Male","Bachelor's degree","Computer Information Systems","49000","I.T. Help Desk Associate"
"1705945364809","31","Female","High school diploma or equivalent","English","24000","Retail Cashier"
"1705945366954","70","Male","High school diploma or equivalent","none","25000","writer/publisher"
"1705945368575","57","Female","Bachelor's degree","business","83000","Administrative Clerk"
"1705945368733","29","Male","High school diploma or equivalent","Asset Design","29998","Lead Asset Designer"
"1705945385850","47","Male","Master's degree","Business","120000","Manager"
"1705945389055","38","Female","Bachelor's degree","nursing","99000","registered nurse"
"1705945391656","39","Male","High school diploma or equivalent","N/A","25000","laborer"
"1705945392916","48","Female","Bachelor's degree","Business Admin - accounting and finance","68999","accountant"
"1705945394893","64","Female","Doctorate","Chemical Engineering","75000","retired"
"1705945398493","59","Female","High school diploma or equivalent","NA","29949","Customer Service"
"1705945403288","68","Female","High school diploma or equivalent","journalism","79000","retired"
"1705945405339","37","Male","Master's degree","global affairs","55000","retail store owner"
"1705945409897","55","Male","Non-university diploma/certificate","IT Security ","20000","Researcher "
"1705945411544","40","Male","High school diploma or equivalent",NA,"30000","Online Freelancer"
"1705945411604","48","Male","Bachelor's degree","Computer Science","300000","IT Manager"
"1705945415274","26","nonbinary","Bachelor's degree",NA,"40000","Swim Teacher"
"1705945418408","38","Male","High school diploma or equivalent","Business","42379","Auditor"
"1705945419095","49","Male","Non-university diploma/certificate","Associates Design","66000","QA"
"1705945420940","50","Male","High school diploma or equivalent","theatre","60000","disabled"
"1705945421991","47","Female","Bachelor's degree","Psychology","85000","administrative assistant "
"1705945423046","32","Male","Bachelor's degree","Business administration ","75000","Manager"
"1705945426545","28","Male","Bachelor's degree","Chemistry","5000","Student"
"1705945433431","23","Female","High school diploma or equivalent","english","55000","waitress"
"1705945436403","78","Male","Non-university diploma/certificate","electrical engineering","46000","retired computer peripheral diagnostic senior software engineer currently paying taxes survey income"
"1705945450119","38","nonbinary","Bachelor's degree","Computer Programming","34000","self-employed/freelancer"
"1705945458929","46","Male","Bachelor's degree","Business","62000","Project Manager"
"1705945462152","38","Male","Bachelor's degree","computer science","110000","Manager"
"1705945467193","32","Female","High school diploma or equivalent","Graphic Design","40999","Radio Sales Coordinator"
"1705945467847","29","Male","Master's degree","Music Performance","102000","Non-Profit Administration"
"1705945470604","47","Female","Bachelor's degree","Biology","20000","disabled"
"1705945473084","36","Male","Doctorate","Political science","141000","Student services manager"
"1705945476350","55","Female","High school diploma or equivalent","General Studies","30000","Retired"
"1705945478038",NA,"Female","High school diploma or equivalent",NA,"120000","homemaker"
"1705945484539","34","Male","Bachelor's degree","Engineering","60000","Engineering"
"1705945488117","56","Female","Non-university diploma/certificate",NA,"80000","Web Application Developer"
"1705945494784","70","Male","Master's degree","health services management","104000","Retired public health manager"
"1705945499923","37","Male","Doctorate","Engineering","115000","Engineering Research Manager"
"1705945500457","30","Male","Bachelor's degree","Communications","60000","manager video editor"
"1705945517680","40","Female","Non-university diploma/certificate","Associates Degree in Nursing ","37000","warehouse associate"
"1705945519245","36","Female","Non-university diploma/certificate","n/a","74999","homemaker"
"1705945520207","34","Male","Bachelor's degree","finance","55000","salesman-construction"
"1705945524980","57","Male","Bachelor's degree","Industrial Design","120000","Custodial Supervisor"
"1705945525756","62","Female","High school diploma or equivalent",NA,"18997","bookkeeper"
"1705945526215","37","Male","High school diploma or equivalent","Network Administration","39000","Student"
"1705945526333","61","Female","High school diploma or equivalent",NA,"64999","homemaker"
"1705945534446","34","Female","High school diploma or equivalent","N/A","36000","Stay at home parent/Homemaker"
"1705945537121","35","Female","Bachelor's degree","Media","85000","Document review"
"1705945543334","32","Male","Bachelor's degree","Physics","85000","Teacher"
"1705945544403","64","Female","High school diploma or equivalent","n/a","50000","data/information"
"1705945557474","37","Male","Bachelor's degree","middle childhood education","65000","teacher"
"1705945557546","27","Female","Doctorate","chemistry","66000","tutor"
"1705945564484","48","Male","High school diploma or equivalent","None","40000","Network Technician"
"1705945566367","38","Female","Doctorate","History","180000","Attorney"
"1705945571248","47","Female","High school diploma or equivalent","N/A","85000","Logistics Supervisor"
"1705945572219","22","Male","Bachelor's degree","Philosophy, Politics, and Economics","44000","Information Technology Trainer"
"1705945573055","35","Male","Bachelor's degree","computer science","60000","IT Consultant"
"1705945573327","38","gender nonconforming","Master's degree","Applied Women's Studies","40000","Consultant"
"1705945575033","49","Male","Bachelor's degree","Education","50000","Office Assistant"
"1705945578485","33","Female","Master's degree","psychology and English","55000","freelancer"
"1705945581190","32","Male","Master's degree","Math","80000","Analyst"
"1705945582608","49","Female","Master's degree","biology","119999","healthcare"
"1705945585007","29","Female","Non-university diploma/certificate","Early Childhood Education","75000","Data Entry Specialist"
"1705945585593","34","Male","Bachelor's degree","Accounting","35000","Financial manager"
"1705945589721","28","Male","High school diploma or equivalent","N/A","50000","N/A"
"1705945593486","33","Male","High school diploma or equivalent","Computer Science","8000","Student"
"1705945595851","36","Female","Master's degree","Music","15000","Bookkeeper"
"1705945600756","30","Female","High school diploma or equivalent","Public Health","59974","Assembly line worker"
"1705945604367","33","Male","Bachelor's degree","Maritime Transportation ","80000","USDA Program Technician"
"1705945607498","58","Male","High school diploma or equivalent","Music","35001","Computer Technician"
"1705945610044","54","Male","Master's degree","industrial management ","55000","consultant and trainer"
"1705945611933","28","Female","Bachelor's degree","Mathematics","14998","Student"
"1705945614408","47","Female","Master's degree","Creative Writing.","29000","writer/tutor"
"1705945617217","47","Male","Bachelor's degree","Nursing","125000","RN"
"1705945620943","36","Male","Bachelor's degree","Computer Science","40000","Web Developer"
"1705945623282","33","Male","Doctorate","Economics","140000","Attorney"
"1705945626492","31","Female","High school diploma or equivalent",NA,"46996","Homemaker"
"1705945631836","38","Female","Bachelor's degree","criminal justice","100000","Assistant manager"
"1705945635566","36","Female","Non-university diploma/certificate","hospitality management","56999","administrative assistant"
"1705945642889","33","Male","Bachelor's degree","legal studies","119997","exec assistant"
"1705945647597","27","Male","Bachelor's degree","Information Technology","72000","Helpdesk"
"1705945652061","69","Female","Bachelor's degree","Political Science","60000","Project Manager"
"1705945654360","50","Female","Non-university diploma/certificate","elementary education","150000","homemaker"
"1705945661247","67","Female","Master's degree","science","80000","supervisor"
"1705945663353","58","Female","Bachelor's degree","Business Administration","49000","Information Tech"
"1705945667638","55","Male","Non-university diploma/certificate","Electronics Engineering Technology","95999","IS System Administrator"
"1705945675317","35","Female","Master's degree","business","200000","director of operations"
"1705945677699","35","Female","Bachelor's degree","human services","50000","nurse"
"1705945686427","36","Female","Bachelor's degree","biology","59001","IT"
"1705945696406","69","Male","Non-university diploma/certificate","Drafting","49000","Construction, Extraction and Recycling"
"1705945696905","43","Female","Bachelor's degree","liberal arts","36000","supervisor"
"1705945706373","43","Male","Bachelor's degree","Computer Engineering, Finance, Statistics","100000","Software Engineer"
"1705945706443","39","Female","High school diploma or equivalent","n/a","60000","gig-worker"
"1705945708312","45","Male","Master's degree","Communication","75000","Teacher"
"1705945713542","60","Female","Master's degree","Special Education","39000","Teacher"
"1705945716523","56","Male","Master's degree","International Relations","92000","Government"
"1705945716741","47","Female","Master's degree","Biology and Emergency Management","87000","Regional Coordinator for Wildfire Incident Command"
"1705945721582","66","Female","Bachelor's degree","Computer Information Systems","78000","Administrative Assistant"
"1705945726000","25","Male","High school diploma or equivalent","computer science","20000","sales associate"
"1705945727257","31","Male","Bachelor's degree","History","15000","Courier"
"1705945727976","38","Female","Bachelor's degree",NA,"65000","homemaker"
"1705945729576","52","Male","Bachelor's degree","Engineering","105000","Engineer"
"1705945732783","30","Male","High school diploma or equivalent","psychology","16000","stock associate"
"1705945735243","42","Female","Bachelor's degree","Biology","42499","disabled"
"1705945742761","31","Male","Bachelor's degree","business","185000","IT"
"1705945759590","32","Male","High school diploma or equivalent","Communication",NA,"Host"
"1705945764680","47","Male","High school diploma or equivalent",NA,"22000","cook"
"1705945770877","33","Female","Non-university diploma/certificate","Business Administration","99000","Office Manager"
"1705945777132","52","Male","Bachelor's degree","comp sci","75000","systems admin"
"1705945781287","37","Female","Bachelor's degree","education","98000","educational evaluator"
"1705945783930","41","Female","High school diploma or equivalent",NA,"39000","Retail worker"
"1705945789636","48","Female","Master's degree","engineering","299990","teacher"
"1705945793380","52","Male","Non-university diploma/certificate","INFORMATION TECHNOLOGY","119998","mis"
"1705945798113","37","Male","Bachelor's degree","Business Administration","37000","Freelancer in Marketing Research"
"1705945807065",NA,NA,"Bachelor's degree","My major was media communications","60000","photographer"
"1705945807529","70","Female","Non-university diploma/certificate","graphics design","45000","editor"
"1705945811995","37","Male","Bachelor's degree","Business","149000","Business Analyst"
"1705945819596","47","Female","Bachelor's degree","Biology","27997","small business manager"
"1705945821836","33","Male","High school diploma or equivalent",NA,"38000","warehouse"
"1705945825195","51","Male","Bachelor's degree","Engineering","209999","Engineer"
"1705945825963","60","Female","High school diploma or equivalent","n/a","63000","Customer Relations Coordinator"
"1705945826664","30","Male","Bachelor's degree","Environmental Science","195000","GIS Analyst"
"1705945856819","44","Female","Bachelor's degree","Business","55000","Kitchen Manager"
"1705945866114","33","Male","High school diploma or equivalent","Computer Science","45000","Laborer"
"1705945878775","40","Female","Doctorate","Pharmacy","129999","Pharmacist"
"1705945880706","40","Female","Bachelor's degree","Accounting","90000","Accounts Receivable Manager"
"1705945881982","47","Female","Doctorate","Engineering","190000","Associate Professor of Business"
"1705945882330","28","Female","Non-university diploma/certificate","general studies","56000","customer service representative"
"1705945884327","71","Male","Bachelor's degree","Business","44999","retired"
"1705945888094","52","Female","High school diploma or equivalent","No major since I never finished college","52747","Retail Management"
"1705945889856","34","Male","Bachelor's degree","Geology","60000","Elementary school teacher"
"1705945894756","43","Female","High school diploma or equivalent","English","28000","Art Researcher"
"1705945896332","29","Male","Bachelor's degree","Psychology","12000","Actor"
"1705945898938","25","Female","Master's degree","Associate Degree in Medicine","99000","Doctor"
"1705945900630","31","Female","Master's degree","conservation","190000","conservator"
"1705945901699","47","Female","Bachelor's degree","Economics","113000","Accounting"
"1705945910514","39","Female","Bachelor's degree","Nursing","54998","Nurse"
"1705945917969","58","Male","Bachelor's degree","statistics","1995","entrepreneur"
"1705945933483","29","Female","Bachelor's degree","Business","33998","Graphic Designer"
"1705945946878","70","Male","Master's degree","American Studies","80000","retired"
"1705945961360","54","Male","Master's degree","Biology ","110000","Biologist"
"1705945963796","38","Female","Bachelor's degree","English","110000","paralegal"
"1705945964123","75",NA,"Doctorate","Human Resources","122000","Director of Education and Training"
"1705945965678","35","Male","Bachelor's degree","art","0","analyst"
"1705945979624","35","Female","Bachelor's degree","Music Education","55000","Director of Member Engagement"
"1705945982121","41","Female","Master's degree","Human Resources","144998","Logistics Associate"
"1705945982997","50","Male","Master's degree","MBA","100000","Management"
"1705945991762","33","Female","High school diploma or equivalent",NA,NA,NA
"1705946021606","52","Female","Non-university diploma/certificate","GENERAL","10000","NA"
"1705946025357","72","Female","Bachelor's degree","English Literature; Psychology","39000","retired small wholesale business owner"
"1705946026981","43","Male","Bachelor's degree","Marketing","75000","Advertisement "
"1705946037064","46","Female","Bachelor's degree","Psychology","79498","Prevention Specialist"
"1705946048070","69","Female","Bachelor's degree","business","100000","retired"
"1705946054802","55","Male","Non-university diploma/certificate","finance ","78000","Construction project estimator"
"1705946055898","27","Male","High school diploma or equivalent","N/A","32000","Freelancer"
"1705946057208","67","Female","Master's degree","BS, Sociology; MS in Library Science","100000","retired librarian"
"1705946065307","29","Female","Bachelor's degree","education","50000","medical assistant"
"1705946066826","45","Female","Non-university diploma/certificate","business","105000","clerical"
"1705946081164","49","Male","Bachelor's degree","Marketing Managment","144998","Manager"
"1705946101554","52","Male","High school diploma or equivalent","n/a","155000","Teaching"
"1705946105849","52","Female","Bachelor's degree","Criminal Justice","40000","Retail"
"1705946115185","57","Male","Bachelor's degree","Business Admin. / Gen. Studies","57","Janitor"
"1705946118774","68","Male","Bachelor's degree","Mechanical Engineering",NA,"Engineer (retired)"
"1705946122664","46","Male","Bachelor's degree","Chemistry","240000","consultant"
"1705946129256","48","Male","High school diploma or equivalent",NA,"20000","Not currently working"
"1705946135405","68","Female","Non-university diploma/certificate","Nursing","44000","registered nurse"
"1705946136926","25","Male","High school diploma or equivalent",NA,NA,"Retail"
"1705946157305","46","Male","Bachelor's degree","Graphic arts","98000","Manager"
"1705946164754","30","Male","High school diploma or equivalent","none","20000","cashier"
"1705946171711","37","Male","Bachelor's degree","Chemistry","45000","Manufacturing"
"1705946172446","32","Male","Bachelor's degree","MIS","45000","IT Consultant"
"1705946185535","36","Female","Bachelor's degree","History","57000","Marketing Specialist"
"1705946193379","56","Female","Bachelor's degree","English","62000","Student"
"1705946197615","46","Female","Non-university diploma/certificate","computer science","60000","software developer"
"1705946198166","35","Female","Bachelor's degree","Journalism","100000","Contracts Analyst"
"1705946203745","28","Male","Bachelor's degree","Political Science","50000","Administrative Lead"
"1705946208646","29","Female","High school diploma or equivalent",NA,NA,"business owner"
"1705946214168","34","Male","Doctorate","English ","170000","instructional designer"
"1705946215236","48","Male","High school diploma or equivalent","English","50000","IT"
"1705946235508","56","Male",NA,"sociology","12000","customer service"
"1705946236911","66","Female","High school diploma or equivalent",NA,"33000","retired"
"1705946258582","35","Female","Master's degree","Accounting","106000","Accountant"
"1705946260067","41","Female","Bachelor's degree","Math","20000","Himemaker"
"1705946264491","37","Male","Bachelor's degree","computer science","8000","library assistant"
"1705946278551","31","Female","Master's degree","History","89000","nonprofit"
"1705946284873","53","Male","High school diploma or equivalent","n/a","5000","unemployed"
"1705946314275","58","Male","Non-university diploma/certificate","NA","68000","office/shop gen mgr"
"1705946316512","36","Female","Bachelor's degree","art","64000","marketing"
"1705946316567","35","agender","High school diploma or equivalent","N/A","10000","independent contractor"
"1705946339665","45","Female","Master's degree","Linguistics/French","215000","manager"
"1705946350664","51","Female","Bachelor's degree","Healthcare","74999","Healthcare rep"
"1705946354721","55","Male","Bachelor's degree","biol","66000","mgr"
"1705946356362","67","Female","High school diploma or equivalent",NA,"25000","clerical/admin p/t"
"1705946357152","75","Female","High school diploma or equivalent","art","25000","retired "
"1705946363672","56","Female","Bachelor's degree","communications","11997","supervisor"
"1705946365533","45","Female","Non-university diploma/certificate","Psychology, Nursing","60","Behavioral Health Technician"
"1705946375875","30","Male","Bachelor's degree",NA,"29998","Writer"
"1705946382776","50","Male","Non-university diploma/certificate","English","43999","Manufacturing"
"1705946384293","35","Female","Bachelor's degree","Business","39995","Office Administrator"
"1705946387590","68","Female","Non-university diploma/certificate","Science of Nursing ","85","Retired "
"1705946408616","39","Female","Bachelor's degree","Cost Accounting","45000","Tax Reporting Analyst for a Public University"
"1705946411327","33","Male","Bachelor's degree","Accounting","150000","Financial Manager"
"1705946420125","38","Male","Bachelor's degree","history","55996","IT"
"1705946442358","34","Female","Bachelor's degree","Communication","100000","Sales"
"1705946452154","31","Male","Bachelor's degree","computer science","100000","software engineer"
"1705946455799","73","Female","Master's degree","social work","39000","social worker"
"1705946467093",NA,"Male","Bachelor's degree","Business Management.","70000","Manager"
"1705946482601","23","Male","High school diploma or equivalent",NA,"50000","Unemployed/Mturker"
"1705946494061","25","Male","Bachelor's degree","Nutrition and dietetics","48000","Dietitian"
"1705946496735","34","Male","High school diploma or equivalent","NA","45000","Hospitality"
"1705946497259","52","Male","Non-university diploma/certificate","Computer Science","160000","IT Director"
"1705946503305","43","Female","Bachelor's degree","marketing","70000","Communications Manager"
"1705946511732","30","Male","High school diploma or equivalent",NA,"55000","sales"
"1705946533604","50","Female","Non-university diploma/certificate","Art","64985","Self Employed"
"1705946535521","47","Female","High school diploma or equivalent",NA,"36000","sales/management"
"1705946535816","27","Female","Non-university diploma/certificate","Mass Communications","74999","Student"
"1705946536048",NA,"Female","Non-university diploma/certificate","Computer science","11000","Web development"
"1705946539755","27","Male","Bachelor's degree","English","74995","Bookseller"
"1705946549850","33","Male","Bachelor's degree","Mathematics","72500","Statistician"
"1705946563627","37","Male","Master's degree","Business","264997","Manager"
"1705946565148","30","Female","Bachelor's degree","prefer not to say","85000","prefer not to say"
"1705946573050","59","Female","High school diploma or equivalent","Computer Science","19000","Data Processing"
"1705946589920","73","Male","High school diploma or equivalent","Business Admin","45000","Healthcare"
"1705946599910","39","Female","Bachelor's degree","Communications","75000","retail management"
"1705946610445","65","Female","High school diploma or equivalent","English/Journalism major, secondary Graphic Arts and Business","62999","Graphic Designer"
"1705946637540","33","Male","High school diploma or equivalent","General Education","10000","Unemployed Looking for work"
"1705946652840","67","Male","High school diploma or equivalent",NA,"79000","retired"
"1705946669052","34","Male","Bachelor's degree","Biology","45997","IT"
"1705946686290","49","Male","High school diploma or equivalent",NA,"44000","currently unemployed"
"1705946697865","27","Male","Bachelor's degree","aG ECON","145000","Lead analysr"
"1705946709695","30","Female","High school diploma or equivalent",NA,"20000","Office Manager"
"1705946713683","36","Male","High school diploma or equivalent","N/A","137496","Currency Analyst"
"1705946718251","38","Male","Bachelor's degree","Mathematics","131000","Analyst"
"1705946738194","52","Male","Master's degree","Psychology","90000","Web Developer"
"1705946750452","35","Female","Master's degree","Sociology B.S. Elementary Education MAT","55000","Scoring Supervisor "
"1705946751971","36","Male","Bachelor's degree","English","15000","content creator"
"1705946753457","58","Male","High school diploma or equivalent","Pharmacy Technician","55000","Retired"
"1705946753817","56","Male","High school diploma or equivalent","art","69999","healthcare billing supervisor"
"1705946758188","48","Female","Non-university diploma/certificate","Education","29000","Media Clerk"
"1705946768088","34","Female","High school diploma or equivalent","english","98000","Teacher's Aide"
"1705946773897","21","Prefer not to say","High school diploma or equivalent",NA,"29997","freelance worker"
"1705946786635","33","Female","Bachelor's degree","applied psychology","40000","marketing"
"1705946789853","34","nonbinary","High school diploma or equivalent","N/A","30000","Disabled"
"1705946791379","47","Prefer not to say","Bachelor's degree","Linguistics","70000","Self-employed"
"1705946802632","35","Male","High school diploma or equivalent","n/a","45000","warehouse manager"
"1705946809532","46","Female","Master's degree","spanish","140000","team manager"
"1705946809979","53","Female","High school diploma or equivalent",NA,"15000","supervisor manufacturing"
"1705946812248","27","Male","Bachelor's degree","Political Science","45999","Legal"
"1705946813842","36","Male","Bachelor's degree","comp sci","59000","IT"
"1705946861899","50","Female","Non-university diploma/certificate","Computer Science","74996","Manager"
"1705946897142","31","Female","Bachelor's degree","Psychology ","49000","Unemployed "
"1705946898262","52","Male","Doctorate","Law","12000","Editor"
"1705946908336","54","Male","Bachelor's degree","Chemistry","79000","Education"
"1705946916268","36","Female","Non-university diploma/certificate","Polysomnographic Technology (Sleep Technician)","55999","Sleep Tech"
"1705946924159","56","Male","Bachelor's degree","physics","58","teacher"
"1705946927193","46","Female","Bachelor's degree","Communications","64999","Designer/ Student"
"1705946930697","36","Prefer not to say","Bachelor's degree","English","40000","Office worker"
"1705946963043","32","Male","Non-university diploma/certificate","Information Technology","20000","Web researcher"
"1705946963104","34","Male","High school diploma or equivalent","N/A","45000","Warehousing"
"1705946969210","69","Female","Doctorate","Psychology, Law","144992","retired, survey-taker"
"1705946976249","40","Female","Master's degree","Business Administration and Accounting BAs and Social Work Master's","65000","Public Accountant"
"1705946987770","44","Male","Bachelor's degree","speech","32000","library"
"1705946987916","42","Male","Bachelor's degree","Mechanical Engineering","180000","Mechanical Engineer"
"1705947044503","51","Female","Bachelor's degree","Humanities","70000","freelancer"
"1705947050232","40","Female","High school diploma or equivalent","Liberal Arts","43999","relay operator"
"1705947055026","38","Female","Non-university diploma/certificate","I have an associates degree in computer networking.","99999","homemaker"
"1705947064162","37","Male","High school diploma or equivalent","n/a","55000","unemployed"
"1705947066579","29","Male","Master's degree","Psychology","56999","Psychologist"
"1705947076980","60","Male","Bachelor's degree","Dual major history and political science.","13000","Freelance writer/independent scholar"
"1705947090005","48","Male","Non-university diploma/certificate","Electronics","34000","Manufacturing - Press Operator"
"1705947108847","45","Female","Bachelor's degree","Business","99996","Data Associate"
"1705947110240","25","Male","Bachelor's degree",NA,"110000","IT Manager"
"1705947113472","43","Female","Bachelor's degree","Economics","210000","Account representative"
"1705947123162","22","Female","Non-university diploma/certificate","Education Studies","150000","Student"
"1705947133248","61",NA,"High school diploma or equivalent","N/A","21000","Housekeeper"
"1705947143022","36","Female","Non-university diploma/certificate","psychology","10000","photographer"
"1705947165974","33","Male","Bachelor's degree","Nursing","55000","nurse"
"1705947170518","76","Male","Master's degree","Computer Science","45000","Math & Physics Tutor"
"1705947171423","53","Male","Bachelor's degree","I graduated from New york university with a degree in psychology","50000","I am a real estate agent now in manhattan"
"1705947173346","30","Male","Bachelor's degree","accounting","200000","financial analyst"
"1705947177096","70","Male","High school diploma or equivalent","N/A","20000","Retired"
"1705947188511","59","Female","High school diploma or equivalent","Accounting","49000","bookkeeper"
"1705947191383","26","Male","High school diploma or equivalent","NA","35000","Retail Sales"
"1705947216840","47","Male","Bachelor's degree",NA,"99999","Tutor"
"1705947219514","46","Female","High school diploma or equivalent","n/a","74997","homemaker"
"1705947222484","38","Female","Bachelor's degree","Criminal Justice Administration","85000","Environmental Technician/Driver"
"1705947225028","27","Male","Bachelor's degree","Information Technology","65000","Desktop Technician"
"1705947252689","48","Male","Doctorate","Biology","200000","Director"
"1705947263339","37","Male","Bachelor's degree","HR","80000","HR"
"1705947271145","40","Female","Bachelor's degree","architecture","50000","self employed"
"1705947292062","44","Male","Bachelor's degree","Communications","60000","Homemaker"
"1705947305177","38","Female","Bachelor's degree","Psychology","102000","Sales Manager"
"1705947318054","28","Female","Bachelor's degree","psychology","30000","freelance"
"1705947327511","31","Female","High school diploma or equivalent","N/A","30000","barista"
"1705947328658","35","Male","Non-university diploma/certificate","English","29998","warehouse"
"1705947330887","57","Female","Bachelor's degree","Business management with a minor in human resources","79000","disabled"
"1705947335308","73","Female","Non-university diploma/certificate","Nursing","25000","Retires"
"1705947347975","53","Female","Non-university diploma/certificate","I didn't Major in anything","39000","Chart Retrieval"
"1705947351257","38","Female","Master's degree","International relations","25000","Freelancer"
"1705947356361","59","Female","Bachelor's degree","Marketing","139000","HR Project Manager"
"1705947361380","68","Male","High school diploma or equivalent","English","16000","Retired"
"1705947369369","40","Male","High school diploma or equivalent","music education but I ended up joining the trades","224995","life safety consultant/sales"
"1705947371133","55","Male","Bachelor's degree","Holistic Health","100000","Programmer"
"1705947377103","58","Female","Master's degree","communication sciences","110000","Senior Admin"
"1705947379832","34","Female","Non-university diploma/certificate","Practical Nursing","20000","Homemaker"
"1705947406806","36","Female","High school diploma or equivalent","N/a","20999","Transportation"
"1705947407968","35","Female","High school diploma or equivalent","n/a","39000","mturker"
"1705947412829","36","Female","Bachelor's degree","Management","129000","Senior Manager of BD & Marketing "
"1705947418587","46","Female","Master's degree","English Literature","100000","Assistant Barn Manager"
"1705947422339","35","Female","High school diploma or equivalent","NA","29000","Hotel front desk"
"1705947424106","39","Female","Bachelor's degree","business administration","60000","mail carrier"
"1705947425003","62","Female","Master's degree","Law","15999","Administrator"
"1705947451963","34","Male","Non-university diploma/certificate","Psychology","60000",NA
"1705947452910","34","Male","Bachelor's degree","business","50000","analyst"
"1705947490201","38","Female","High school diploma or equivalent","business","92000","freelance"
"1705947511392","46","Male","Master's degree","Accounting","146000","Analyst"
"1705947565250","34","Male","High school diploma or equivalent","N/a","43999","unemployed"
"1705947647261","37","Male","Bachelor's degree","Business Administration","72000","Supervisor"
"1705947718797",NA,"Female","Non-university diploma/certificate","Science","72000","Analyst"
"1705947719040","32","Female","High school diploma or equivalent","n/a","90000","production operator"
"1705947815996","34","Female","Bachelor's degree","Psychology","75000","Sales Associate"
"1705947822683","33","Male","Bachelor's degree","Software Engineering","5500","Information Technology (IT)"
"1705947854574","34","Female","Bachelor's degree","Accounds","70000","Manager"
"1705947891235","32","Female","Doctorate","nursing","89000","nurse"
"1705948030148","34","Female","Bachelor's degree","Business","59998","sales"
"1705948079694","47","Female","Bachelor's degree","English","34984","Courier"
"1705948083603","44","Male","Bachelor's degree","business","159000","sales"
"1705948112313","29","Male","Bachelor's degree","accounting","40000","office assistant"
"1705948161978","24","Male","Bachelor's degree","Accounting","75000","Accountant"
"1705948222492","47","Male","Bachelor's degree","Business Administration","46998","Senior Accountant"
"1705948234305","41","Male","Bachelor's degree","Manufacturing","45000","Manufacturing"
"1705948245203","30","Female","Bachelor's degree","STEM","64999","researcher "
"1705948406922","54","Female","High school diploma or equivalent",NA,NA,NA
"1705948432180","44","Female","Bachelor's degree",NA,NA,NA
"1705948531810","38","Female","Bachelor's degree","Social Sciences","148999","Homemaker"
"1705948575194","53","Male","Master's degree","Economics","195000","Manager"
"1705948583974","41","Female","Bachelor's degree","Education","60000","program manager"
"1705948585250","39","Male","High school diploma or equivalent",NA,"31000","Production Inspector (agriculture)"
"1705948605502","41","Female","Bachelor's degree","Accounting","65000","sales"
"1705948634422","44","Female","Master's degree","Chemistry","100000","Chemist"
"1705948635036","23","Female","High school diploma or equivalent","Biology","79999","babysitter"
"1705948678405","42","Female","Bachelor's degree","accounting","58999","accountant"
"1705948679772","42","Male","Bachelor's degree","Business, finance and accounting.","52000","Warehouse Manager"
"1705948685993","39","Male","Non-university diploma/certificate","Marketing","78000","Coder"
"1705948715431","52","Male","Bachelor's degree","Computer Science","84500","Courier/ Hotshot Driver"
"1705948728453","39","Male","Bachelor's degree","Finance","98000","Social Media Manager"
"1705948733847","29","Female","High school diploma or equivalent","n.a","36000","customer service associate"
"1705948746288","33","Female","Bachelor's degree","Management","199000","Manager"
"1705948756950","65","Female","High school diploma or equivalent","none","590000","Author"
"1705948764816","60","Male","Non-university diploma/certificate","Baking Production and Management Technology","7999","freelance independent contractor (gig-worker)"
"1705948786922","56","Male","Non-university diploma/certificate","Computer Electronics Technology","81346","Community Services/Support Staff"
"1705948795711","57","Male","Bachelor's degree","Philosophy","300000","Banking (Venture Capital)"
"1705948857596","70","Female","Bachelor's degree","Psychology","40000","Marketing"
"1705948864717","32","Male","Bachelor's degree","Cybersecurity in Information Technology","47999","Cybersecurity Analyst"
"1705948894607","44","Female","Master's degree","Business administration","150000","business consultant"
"1705948942492","38","Male","Bachelor's degree",NA,NA,NA
"1705948984466","38","Female","High school diploma or equivalent",NA,"12000","sales associate"
"1705948988200","30","Nonbinary","High school diploma or equivalent",NA,"3000","Disabled"
"1705949024819","42","Male","Non-university diploma/certificate","Web programming","15000","Data entry specialist"
"1705949092811",NA,NA,"Bachelor's degree","Accounting","89000","Consultant"
"1705949104123","35","Male","Bachelor's degree","Business Admin","110000","Broker"
"1705949146794","31","Male","Doctorate","Political Science, Global Studies, International Relations, Juris Doctor","92000","Lawyer"
"1705949169896","30","Female","Bachelor's degree","music","59500","performer "
"1705949264320","42","Male","Master's degree","Art and accounting","150000","Shipping"
"1705949272513","41","Female","Bachelor's degree","Mass Communications","73000","Circulation Assistant"
"1705949319532","64","Female","High school diploma or equivalent","n/a","34999","Medical Transcriptionist"
"1705949340985","30","Male","Master's degree","Psychology, German","85000","Speech pathologist"
"1705949355336","57","Male","Non-university diploma/certificate","business management","19999","front desk supervisor"
"1705949355993","73","Female","Non-university diploma/certificate",NA,"70002","caregiver"
"1705949418194","70","Female","Bachelor's degree","Math","95000","Retired"
"1705949419444","36","Male","Non-university diploma/certificate","N/A","120000","Property management."
"1705949490942","74","Male","Bachelor's degree","Management","25000","Retired"
"1705949502469","40","Female","High school diploma or equivalent","none","72000","farmer"
"1705949905172","40","Female","Bachelor's degree","Liberal Studies","48996","Teacher"
"1705950033134","27","Male","Bachelor's degree","IT","64000","Support Associate"
"1705950047903","72","Female","Bachelor's degree","literature","32998","tutor"
"1705950477289","29","Male","Bachelor's degree","Music","15000","Freelancer"
"1705950648060","37","Male","Bachelor's degree","psychology",NA,"eCommerce"
"1705950824184","35","Male","High school diploma or equivalent",NA,"3500","self-employed"
"1705951312756","61","Female","High school diploma or equivalent",NA,NA,NA
