"ID","dssQuestion1","dssQuestion2","dssQuestion3","dssQuestion4","dssQuestion5","dssQuestion6","dssQuestion7","dssQuestion8","dssQuestion9","dssQuestion10","dssQuestion11","msShortQuestion1","msShortQuestion2","msShortQuestion3","msShortQuestion4","msShortQuestion5","msShortQuestion6"
"1701183943900","4","4","5","5","4","4","4","7","7","4","2","3","5","5","4","4","4"
"1701294092914","6","7","7","7","5","1","1","2","2","1","2","3","5","5","4","6","5"
"1701294127758","7","7","7","7","7","1","1","1","1","1","2","5","4","7","6","6","6"
"1701294196945","6","6","6","6","6","4","6","5","5","6","2","7","4","7","6","6","6"
"1701294255981","5","6","3","7","7","7","6","6","7","6","2","6","4","4","6","7","3"
"1701294321562","6","6","6","7","6","4","3","4","3","4","2","3","5","6","4","5","4"
"1701294580927","7","6","5","5","3","1","1","1","1","1","2","1","7","1","1","4","4"
"1701294604427","6","7","6","5","5","1","1","1","1","1","2","5","6","7","3","1","1"
"1701294695703","6","7","6","6","6","4","4","5","4","5","2","7","6","6","7","4","4"
"1701295144929","6","6","7","7","7","1","2","2","2","1","2","3","4","6","4","4","2"
"1701295170193","4","4","4","4","3","3","3","3","3","3","2","3","3","3","3","3","3"
"1701295249386","5","5","7","6","7","3","6","3","4","3","2","3","6","5","3","6","5"
"1701295344563","6","6","6","6","6","4","4","4","4","4","2","3","4","4","5","5","4"
"1701295435020","7","7","7","7","7","1","1","1","1","1","2","6","3","4","3","4","2"
"1701295782212","6","6","6","5","6","2","4","2","2","3","2","2","3","6","5","5","4"
"1701296087236","7","7","6","7","7","2","3","2","2","1","2","3","4","4","5","5","4"
"1701297757967","5","7","4","7","7","4","4","7","7","7","2","7","6","2","4","4","1"
"1701298134924","7","7","7","7","7","1","1","1","1","1","2","2","7","2","1","6","6"
"1701298582765","7","6","7","7","6","2","2","3","2","2","2","3","6","2","1","7","7"
"1701301645980","5","5","6","4","4","7","4","4","6","5","2","6","3","5","6","5","5"
"1701302868474","6","6","6","6","6","4","4","4","4","3","2","2","4","2","1","5","4"
"1702330405303","5","5","4","4","5","4","5","5","5","3","2","5","4","4","3","4","3"
"1702332762210","6","5","6","6","7","4","6","5","5","3","2","2","3","3","1","6","6"
"1702332775566","6","6","6","6","6","2","3","2","2","2","2","2","5","3","2","3","3"
"1702332779915","6","6","7","5","4","5","7","5","7","2","2","2","7","2","1","7","3"
"1702332783292","7","6","6","7","6","3","4","5","4","1","2","1","4","2","2","4","4"
"1702332784078","4","6","6","6","7","7","6","6","6","4","2","6","5","6","6","5","2"
"1702332785147","6","6","6","7","5","1","1","1","1","1","2","2","7","3","2","1","1"
"1702332787539","7","7","7","7","7","2","2","2","2","1","2","2","7","1","1","7","4"
"1702332787931","5","6","6","6","6","2","5","4","4","3","2","5","4","5","2","5","4"
"1702332789890","5","5","5","6","5","1","1","3","4","3","2","1","5","6","3","6","2"
"1702332790003","7","6","7","7","7","1","6","2","1","1","2","5","6","2","7","6","6"
"1702332790237","7","7","7","7","7","7","1","4","1","1","2","4","2","4","4","4","1"
"1702332791111","6","6","6","6","7","4","4","5","4","4","2","7","6","6","7","6","7"
"1702332791895","6","6","6","6","7","6","7","4","5","5","2","7","5","2","1","6","5"
"1702332793728","6","6","5","5","5","3","4","2","3","3","2","7","5","2","6","5","4"
"1702332794251","7","7","7","7","7","1","1","1","1","1","2","1","7","1","1","7","7"
"1702332794736","7","7","6","6","7","3","3","3","3","2","2","7","5","7","6","6","6"
"1702332797211","6","6","6","4","3","6","5","6","3","5","2","2","5","2","2","4","3"
"1702332797697","7","7","7","7","4","1","1","1","1","1","2","5","2","7","5","4","1"
"1702332798378","7","7","7","7","7","2","5","2","2","2","2","1","2","4","1","4","2"
"1702332799014","7","7","7","7","7","4","4","4","4","4","2","7","7","7","7","7","7"
"1702332800016","7","6","6","6","6","2","2","2","2","2","2","5","5","6","4","6","3"
"1702332801318","6","5","5","5","6","4","4","4","3","3","2","6","4","5","5","4","4"
"1702332801545","5","3","6","6","6","5","6","5","5","6","2","5","6","5","4","6","6"
"1702332804021","5","5","5","7","7","1","1","1","1","1","2","1","2","7","3","5","5"
"1702332805773","5","5","6","5","6","6","5","5","6","4","2","6","6","5","3","6","5"
"1702332807207","5","5","6","6","5","5","5","6","5","4","2","4","5","5","4","5","2"
"1702332812326","3","3","5","7","7","4","5","3","5","4","2","5","3","7","7","3","7"
"1702332813304","6","6","6","5","6","1","7","1","5","5","2","6","6","1","1","4","1"
"1702332813370","7","5","7","7","6","2","4","4","3","2","2","2","4","3","7","4","2"
"1702332813741","6","6","6","5","5","5","7","5","5","6","2","3","5","6","5","5","7"
"1702332815073","6","7","7","6","6","4","4","2","4","2","2","4","6","7","7","4","4"
"1702332818390","6","6","6","7","7","1","2","1","1","1","2","5","6","3","4","4","4"
"1702332818783","6","6","6","6","6","3","3","2","3","2","2","5","3","3","5","4","3"
"1702332819006","7","6","5","7","6","2","2","2","2","2","2","1","6","2","2","5","4"
"1702332820108","7","7","6","6","6","3","3","2","6","3","2","7","4","6","7","7","6"
"1702332821349","6","6","6","5","7","3","3","3","3","5","2","1","1","3","3","1","1"
"1702332822102","6","6","6","6","6","2","3","2","2","1","2","7","7","6","5","6","5"
"1702332824760","7","6","7","7","7","1","2","1","2","1","2","5","5","7","4","4","3"
"1702332827933","4","5","5","4","4","4","4","4","4","4","2","3","3","3","3","3","3"
"1702332832219","6","5","6","6","6","2","4","3","3","3","2","2","4","7","2","3","2"
"1702332842199","7","7","7","7","7","5","6","6","4","2","2","6","7","1","1","7","7"
"1702332844843","7","7","5","6","5","1","1","1","1","1","2","7","3","7","7","1","1"
"1702332854294","6","4","5","5","4","3","6","4","3","4","2","3","2","2","2","3","2"
"1702332856662","7","7","7","7","7","4","5","4","4","3","2","1","7","6","4","6","5"
"1702332859751","6","6","2","6","4","5","6","6","5","4","2","4","4","6","2","6","5"
"1702332860129","6","7","6","6","5","4","4","4","4","5","2","6","6","6","3","5","4"
"1702332870669","6","4","5","5","5","3","3","3","3","4","2","6","3","5","2","4","4"
"1702332871517","4","6","6","4","4","5","6","6","5","6","2","3","3","2","1","4","3"
"1702332873798","6","6","5","6","5","4","3","3","2","3","2","2","5","4","2","4","4"
"1702332880623","3","4","6","5","5","3","3","3","3","4","2","5","3","2","5","6","6"
"1702332887617","6","6","6","6","6","3","3","3","3","3","2","3","3","2","5","5","3"
"1702332890907","2","4","4","2","4","6","5","6","6","6","2","2","4","7","3","5","3"
"1702332896355","7","7","7","7","7","2","2","2","2","2","2","3","4","5","2","7","3"
"1702332897292","7","6","6","6","6","2","6","6","6","2","2","6","4","6","4","6","5"
"1702332898165","6","6","5","6","6","6","6","6","6","6","2","6","6","6","2","6","6"
"1702332901649","5","6","6","6","7","2","4","5","4","3","2","2","7","2","2","3","3"
"1702332901744","5","1","6","2","4","6","7","6","4","5","2","1","5","1","2","6","5"
"1702332903538","7","6","7","7","6","3","3","3","4","2","2","2","5","2","1","7","5"
"1702332911136","7","7","7","7","7","2","3","3","2","2","2","1","5","1","1","5","2"
"1702332915873","5","6","6","6","6","4","5","4","5","4","2","4","6","5","5","5","5"
"1702332919323","6","5","6","5","5","4","5","4","4","3","2","3","4","6","6","5","4"
"1702332920044","3","3","7","1","6","3","4","3","5","1","2","7","5","2","3","3","6"
"1702332925098","5","5","6","4","5","3","5","5","2","5","2","4","6","2","2","5","4"
"1702332932354","6","5","5","6","4","2","4","4","4","5","2","2","4","5","2","6","4"
"1702332933862","6","6","6","6","6","3","4","4","4","5","2","4","4","1","2","4","1"
"1702332940559","5","4","4","5","5","4","3","3","3","4","2","3","4","4","3","3","4"
"1702332944440","5","6","6","7","7","2","4","2","2","3","2","2","5","4","3","4","2"
"1702332944749","5","7","6","7","5","2","3","3","3","2","2","7","4","6","6","5","3"
"1702332951712","4","5","5","6","4","3","3","3","3","3","2","1","2","6","1","6","2"
"1702332956807","7","6","6","7","7","3","3","2","2","1","2","6","6","3","6","6","5"
"1702332957285","7","7","7","7","6","1","1","1","2","1","2","6","4","3","6","4","5"
"1702332961045","5","5","7","5","5","4","3","3","6","3","2","5","5","4","5","4","3"
"1702332961307","7","6","7","4","6","2","4","7","4","2","2","6","7","1","1","5","6"
"1702332962022","7","7","6","7","7","2","5","2","2","2","2","5","5","7","7","6","6"
"1702332963137","7","7","7","6","7","4","4","6","5","2","2","2","7","5","2","7","7"
"1702332964334","6","7","6","6","7","1","2","1","1","1","2","3","2","4","6","5","5"
"1702332968266","6","6","5","5","6","1","2","3","2","2","2","5","1","6","6","5","5"
"1702332974135","3","2","2","3","4","6","5","6","5","5","2","3","3","3","3","5","2"
"1702332975727","4","4","4","5","4","5","4","4","4","6","2","4","4","2","4","4","6"
"1702332976097","4","4","4","4","4","5","5","5","5","5","2","3","4","3","3","6","4"
"1702332979084","7","7","7","7","7","6","5","4","6","2","2","2","1","2","2","7","2"
"1702332986334","6","6","4","6","6","2","4","3","2","1","2","7","1","6","6","5","1"
"1702333004081","7","7","3","6","7","2","1","1","6","1","2","1","1","1","1","1","1"
"1702333009011","5","5","6","6","6","2","1","3","1","2","2","2","6","3","4","5","5"
"1702333012515","5","5","4","5","6","5","5","6","5","5","2","6","1","1","5","4","3"
"1702333018645","7","7","7","7","6","3","4","1","5","2","2","3","5","5","3","6","4"
"1702333021897","6","6","5","6","5","3","4","4","4","6","2","5","6","6","6","6","3"
"1702333025080","5","5","4","5","5","4","3","4","4","5","2","7","5","6","7","5","6"
"1702333026495","7","7","7","7","7","4","4","4","4","3","2","2","4","4","3","5","4"
"1702333041762","7","7","7","7","6","7","7","7","6","7","2","7","6","1","5","6","7"
"1702333044070","6","6","7","7","7","4","4","4","2","3","2","1","5","1","4","7","6"
"1702333049024","7","7","7","7","7","1","1","1","1","1","2","5","7","1","1","7","7"
"1702333052343","5","6","6","6","6","5","5","6","5","2","2","1","7","3","1","6","4"
"1702333053705","6","5","6","6","6","4","5","5","5","4","2","2","4","5","5","5","3"
"1702333056690","7","7","6","7","7","3","5","3","4","2","2","2","3","3","3","6","3"
"1702333064856","4","5","6","6","7","1","1","1","1","1","2","1","6","2","1","4","1"
"1702333068960","6","6","6","5","7","1","2","2","1","1","2","2","1","7","7","2","1"
"1702333074334","4","4","5","5","4","7","6","6","6","6","2","7","3","1","4","7","3"
"1702333076269","7","7","7","7","7","1","1","3","2","1","2","1","1","2","1","2","3"
"1702333085109","6","6","6","6","7","2","1","4","4","2","2","5","6","5","4","1","2"
"1702333088493","6","4","4","6","5","4","2","4","4","3","2","1","6","4","3","6","3"
"1702333091509","5","5","5","6","5","3","2","3","6","3","2","2","4","2","2","4","3"
"1702333103634","6","5","6","6","6","2","2","3","3","2","2","3","3","2","4","6","5"
"1702333112884","5","4","5","5","5","7","7","7","7","7","2","7","4","4","4","4","4"
"1702333118541","6","6","6","5","5","6","6","6","6","5","2","1","1","1","1","1","1"
"1702333120719","6","6","5","6","6","2","2","2","2","2","2","2","2","3","3","4","2"
"1702333126854","6","7","7","7","7","3","4","3","2","1","2","2","6","3","2","6","3"
"1702333132678","6","6","7","7","7","3","3","3","2","2","2","6","7","1","7","7","5"
"1702333141537","5","4","5","4","4","5","5","4","4","5","2","4","1","4","1","1","1"
"1702333154389","6","5","5","6","5","3","3","3","5","3","2","2","5","6","5","5","4"
"1702333155501","7","7","7","7","7","7","5","5","3","1","2","7","6","1","3","7","5"
"1702333159912","3","3","4","4","3","6","6","6","6","4","2","7","7","7","7","7","7"
"1702333160569","7","6","6","7","5","3","4","3","4","3","2","6","5","5","7","6","6"
"1702333169288","6","5","6","6","6","4","4","4","4","3","2","2","4","5","7","2","2"
"1702333176652","7","7","7","7","7","1","1","1","1","1","2","1","7","1","1","7","7"
"1702333181136","7","7","6","7","7","1","1","2","2","2","2","5","4","6","5","3","2"
"1702333183165","7","7","7","7","7","7","7","7","7","7","2","1","1","7","1","7","5"
"1702333183507","6","7","7","7","6","3","6","3","4","3","2","1","7","3","7","7","7"
"1702333183607","6","6","7","6","6","3","3","3","3","1","2","2","7","1","1","4","3"
"1702333184285","6","7","6","7","6","3","4","3","4","3","2","5","4","4","6","5","3"
"1702333191769","6","6","6","5","5","3","4","4","4","3","2","5","5","2","1","4","3"
"1702333194685","7","7","7","7","6","2","1","2","2","1","2","2","3","3","1","7","6"
"1702333195531","7","7","7","7","7","1","1","1","1","1","2","7","7","1","4","7","7"
"1702333205201","6","6","6","6","5","2","3","3","5","2","2","6","4","2","3","6","6"
"1702333208690","4","5","6","7","7","2","2","4","4","2","2","2","4","7","4","3","2"
"1702333212409","7","7","7","6","5","2","7","5","7","5","2","7","7","6","7","7","7"
"1702333213463","7","7","7","7","7","1","2","2","2","2","2","2","1","3","1","7","5"
"1702333214157","7","7","6","7","6","5","4","5","4","2","2","6","6","1","7","5","5"
"1702333219943","7","7","7","7","7","2","2","2","1","1","2","1","4","7","1","7","6"
"1702333223588","3","4","5","4","4","6","7","5","6","4","2","5","6","6","2","6","5"
"1702333224713","7","7","7","6","6","4","3","2","2","2","2","1","5","2","6","3","2"
"1702333232432","6","7","7","7","6","1","2","2","2","1","2","3","6","4","4","7","7"
"1702333232543","7","6","6","6","5","2","2","2","2","2","2","3","6","7","2","4","3"
"1702333243089","5","6","6","6","6","4","5","5","6","5","2","1","5","1","1","7","6"
"1702333245370","6","7","6","6","6","7","7","6","6","6","2","2","2","2","1","6","2"
"1702333248816","3","3","4","4","5","7","7","5","7","5","2","2","2","3","3","6","2"
"1702333287378","7","6","7","7","7","2","5","5","2","2","2","7","7","5","7","6","3"
"1702333288554","6","6","6","7","5","5","6","4","4","6","2","1","4","2","3","4","3"
"1702333290746","6","5","5","5","5","5","6","4","5","6","2","6","6","6","5","5","5"
"1702333292299","4","4","5","5","5","3","3","3","3","3","2","2","7","1","1","1","1"
"1702333296641","7","6","7","7","7","1","1","1","1","1","2","1","6","7","6","4","3"
"1702333313160","6","5","5","6","6","3","4","3","4","3","2","6","5","5","5","7","4"
"1702333323097","7","6","6","6","6","3","4","6","6","2","2","2","4","4","3","6","5"
"1702333325796","7","5","6","6","6","1","2","2","2","2","2","5","3","6","6","4","2"
"1702333332620","6","6","6","6","6","2","3","2","2","2","2","5","5","5","5","4","3"
"1702333343540","6","6","6","6","6","3","3","3","4","4","2","1","5","4","3","5","3"
"1702333359978","7","7","7","6","7","1","1","1","1","1","2","7","6","7","7","6","2"
"1702333373179","7","7","7","7","7","2","4","4","4","1","2","4","4","4","4","4","4"
"1702333378359","7","7","7","7","7","2","3","2","2","2","2","3","4","3","3","4","4"
"1702333404844","7","6","6","6","7","2","3","4","4","2","2","6","7","6","5","7","2"
"1702333409397","6","5","3","6","3","2","2","2","2","3","2","6","6","2","2","7","7"
"1702333418959","6","6","7","6","6","3","4","4","4","3","2","2","7","5","2","1","2"
"1702333422175","7","6","6","6","6","1","1","1","1","3","2","3","4","6","4","4","3"
"1702333423092","3","5","6","7","3","7","3","4","4","6","2","6","2","5","6","3","4"
"1702333446108","7","7","7","7","7","1","2","2","3","7","2","4","7","3","4","4","2"
"1702333454537","6","6","7","7","7","1","1","1","1","1","2","2","6","7","7","3","1"
"1702333457505","7","6","6","7","6","3","3","4","2","3","2","3","5","4","5","6","6"
"1702333460988","7","7","7","7","7","1","2","1","1","1","2","3","6","4","6","7","6"
"1702333468371","7","7","7","7","7","1","2","2","1","2","2","6","7","1","5","7","6"
"1702333471314","5","6","7","7","7","2","6","3","4","2","2","6","4","2","2","1","1"
"1702333491193","4","4","5","7","6","5","6","5","5","5","2","6","3","7","3","7","6"
"1702333516739","2","3","3","2","2","3","5","6","3","6","2","2","1","1","1","1","1"
"1702333527757","7","6","7","7","7","2","4","4","4","1","2","1","2","1","1","4","1"
"1702333540552","5","5","6","6","6","4","4","4","4","3","2","4","2","6","3","6","2"
"1702333592318","7","6","6","6","4","1","1","1","1","1","2","5","4","2","2","6","6"
"1702333610166","6","6","6","6","6","3","3","3","3","2","2","1","6","5","3","4","3"
"1702333617365","7","7","7","7","7","4","4","4","4","1","2","1","4","1","1","4","4"
"1702333630013","7","7","7","7","7","1","2","2","1","1","2","7","7","6","6","7","7"
"1702333630109","7","6","6","6","6","5","5","5","5","4","2","1","4","1","1","5","4"
"1702333721616","6","6","7","7","7","3","7","3","6","2","2","7","7","7","2","7","6"
"1702333728246","6","5","6","6","6","3","4","3","2","2","2","5","6","5","3","7","5"
"1702333744828","5","5","4","5","4","4","4","4","3","3","2","2","2","2","2","2","2"
"1702333783086","3","4","3","4","3","5","6","6","6","5","2","2","4","7","3","4","2"
"1702333785020","5","5","6","6","6","3","4","4","3","3","2","6","7","4","3","3","3"
"1702333789763","7","6","7","7","7","5","5","5","5","4","2","1","7","1","1","7","7"
"1702333807530","7","5","7","6","6","2","2","2","2","2","2","4","7","2","3","2","1"
"1702333822603","7","6","7","7","7","2","1","3","1","1","2","2","5","3","1","4","1"
"1702333826755","5","5","6","6","5","4","3","4","4","3","2","3","6","3","2","5","4"
"1702333866289","7","6","6","6","6","3","5","6","4","7","2","5","6","5","5","6","4"
"1702333872168","6","6","5","6","6","2","2","2","2","6","2","2","4","2","2","2","4"
"1702333875178","5","5","4","6","5","4","4","4","4","4","2","4","4","3","3","4","1"
"1702333940580","7","7","7","7","7","3","4","4","4","2","2","3","3","4","2","7","7"
"1702333959024","6","6","6","6","6","3","3","3","4","3","2","5","7","6","5","6","4"
"1702333977943","5","6","5","5","5","3","3","2","3","5","2","3","4","2","2","4","4"
"1702333983410","7","7","7","6","7","2","3","5","1","3","2","7","6","3","7","2","3"
"1702334009987","4","5","3","5","4","6","6","6","6","5","2","6","1","3","2","3","1"
"1702334080579","7","7","7","7","7","1","2","2","2","1","2","4","5","2","3","6","6"
"1702334145569","7","6","5","6","6","2","2","2","2","1","2","1","5","1","2","5","5"
"1702334193370","7","7","6","6","6","2","4","3","4","2","2","2","5","3","2","7","7"
"1702334210445","7","6","6","7","7","1","2","2","2","1","2","2","1","1","1","6","6"
"1702334291763","7","7","7","7","7","1","1","1","1","1","2","7","4","4","1","7","6"
"1702334390687","7","7","7","7","7","4","5","4","4","1","2","7","7","2","4","7","6"
"1702334446817","6","6","7","6","2","2","2","2","2","1","2","5","6","2","2","6","6"
"1702334518243","4","5","5","6","5","3","3","3","3","4","2","5","6","5","4","6","2"
"1702334551417","5","5","5","5","5","5","5","4","5","5","2","4","4","3","4","5","3"
"1702334572836","6","5","5","4","6","7","5","3","7","2","2","1","5","7","5","6","4"
"1702334587074","7","6","6","6","6","4","5","5","4","4","2","5","6","4","4","6","4"
"1702334604193","4","4","2","4","3","6","5","6","6","6","2","2","3","6","5","4","4"
"1702334826655","6","6","6","7","6","3","7","6","7","6","2","1","6","5","6","6","7"
"1702334830417","6","6","6","6","6","2","1","1","1","2","2","5","3","5","4","4","2"
"1702334868884","6","5","5","6","5","3","4","3","3","2","2","3","5","4","3","5","4"
"1702334923149","5","6","5","3","4","6","5","5","6","3","2","5","6","6","6","6","7"
"1702334951216","7","7","7","7","7","3","3","4","3","4","2","4","6","4","4","6","4"
"1702334976003","5","5","5","5","5","1","2","2","2","2","2","5","7","7","4","1","1"
"1702334996865","5","5","5","5","6","3","2","4","3","2","2","3","3","3","2","4","3"
"1702334998144","6","6","6","6","6","3","3","3","3","2","2","3","4","6","6","5","3"
"1702335012660","7","7","6","7","5","4","6","4","7","6","2","6","5","4","6","6","3"
"1702335068320","7","6","6","6","6","5","4","3","2","2","2","1","5","1","1","7","6"
"1702335095760","6","7","6","7","6","2","2","2","2","2","2","4","4","3","4","4","3"
"1702335177748","7","6","5","6","6","4","4","5","5","3","2","3","4","5","5","5","5"
"1702335178996","6","6","6","6","5","2","5","2","2","1","2","6","5","2","1","6","5"
"1702335195677","7","7","6","7","7","2","2","2","1","1","2","5","4","4","5","6","4"
"1702335239719","6","6","7","7","7","4","4","4","7","1","2","7","7","5","6","7","7"
"1702335274865","6","7","7","6","5","2","3","1","2","1","2","3","4","4","2","5","4"
"1702335278689","6","6","6","6","6","3","3","3","3","6","2","3","6","5","5","6","3"
"1702335304817","6","6","6","7","6","2","2","2","2","2","2","3","6","2","2","4","3"
"1702335311786","4","4","4","5","5","3","4","3","4","4","2","3","5","5","5","5","5"
"1702335331618","7","7","7","7","7","5","5","7","7","7","2","7","7","1","1","7","7"
"1702335333301","6","7","7","7","7","2","2","1","1","1","2","5","7","7","6","5","5"
"1702335350474","6","6","6","6","6","4","2","4","3","4","2","6","5","7","7","3","3"
"1702335448209","7","6","6","6","6","2","2","2","6","6","2","2","2","2","1","6","3"
"1702335628437","5","4","5","5","6","4","3","4","3","5","2","6","3","5","3","2","2"
"1702335673850","6","6","6","6","6","1","1","1","1","1","2","1","7","7","7","1","1"
"1702335736012","6","6","6","6","6","4","6","3","2","2","2","6","7","3","3","6","7"
"1702335932994","6","6","6","5","5","4","6","6","6","5","2","7","6","5","5","6","6"
"1702336098285","5","5","5","6","5","3","3","3","4","3","2","2","3","5","4","5","3"
"1702336144187","5","4","6","4","7","3","6","5","2","7","2","6","6","4","4","2","1"
"1702336339547","7","7","7","7","6","2","3","4","3","3","2","4","3","2","2","6","5"
"1702336427236","7","6","7","7","6","1","2","1","1","1","2","6","6","5","2","6","4"
"1702336443048","6","6","7","6","7","3","5","5","4","3","2","7","6","7","5","4","4"
"1702336447204","3","3","4","6","7","7","6","5","7","1","2","7","7","7","1","7","7"
"1702336448196","7","7","7","7","7","7","7","7","7","1","2","1","1","1","1","7","7"
"1702336456350","6","6","5","6","6","1","1","1","1","2","2","2","6","5","2","5","3"
"1702336458081","4","1","4","1","1","4","7","4","4","4","2","1","7","4","6","3","2"
"1702336468041","6","6","6","6","6","2","1","3","2","3","2","6","6","4","5","2","2"
"1702336468175","7","7","7","7","7","1","1","2","1","1","2","1","1","2","1","6","2"
"1702336470271","7","2","7","7","7","1","7","1","1","1","2","1","7","4","7","1","7"
"1702336473602","7","7","7","7","7","1","1","1","2","1","2","6","7","4","4","5","4"
"1702336484877","7","7","7","6","7","1","4","4","1","1","2","6","7","2","4","7","6"
"1702336486912","6","6","6","6","5","4","4","4","2","3","2","3","4","6","3","2","3"
"1702336489299","5","4","4","4","4","3","4","4","4","4","2","5","4","4","3","5","5"
"1702336492196","7","7","7","7","7","1","1","1","1","1","2","5","5","5","4","5","2"
"1702336493096","7","6","6","7","6","1","2","2","2","6","2","4","6","1","1","7","6"
"1702336506118","6","5","6","6","3","6","6","6","4","5","2","5","6","7","2","6","3"
"1702336516629","6","5","5","5","6","4","4","4","4","4","2","2","5","5","2","4","2"
"1702336518298","6","6","6","1","7","7","6","4","4","4","2","6","5","7","5","4","3"
"1702336526085","7","7","7","7","7","1","3","1","2","1","2","1","4","1","1","7","4"
"1702336531424","7","7","7","7","7","2","2","2","3","3","2","4","7","1","2","7","4"
"1702336548929","7","7","5","7","7","1","3","3","3","1","2","1","1","5","5","7","1"
"1702336558730","7","7","7","7","7","5","4","4","7","7","2","6","7","2","4","7","7"
"1702336562658","7","6","6","6","6","3","3","3","2","2","2","7","6","6","7","5","5"
"1702336594466","5","4","5","6","5","7","7","7","7","4","2","5","5","5","2","3","2"
"1702336607363","7","6","6","6","6","1","6","6","2","2","2","3","4","5","3","4","4"
"1702336613484","1","7","4","6","2","4","2","3","4","5","1","2","5","4","7","4","2"
"1702336643167","5","6","6","5","6","5","4","5","4","3","2","2","1","5","2","4","1"
"1702336659492","6","6","7","6","6","4","4","4","4","3","2","5","6","4","4","4","3"
"1702336864012","7","7","7","7","7","4","4","5","4","1","2","5","7","7","5","4","3"
"1702336901910","7","7","7","7","7","1","3","1","3","1","2","7","5","7","7","1","1"
"1702337085444","6","7","6","7","5","1","2","2","2","2","2","2","6","6","2","5","2"
"1702337106770","6","6","5","6","2","6","7","7","4","7","2","4","6","2","6","4","3"
"1702337209280","7","7","6","7","6","4","4","4","5","2","2","1","5","4","2","4","4"
"1702337230175","7","7","7","7","7","2","1","2","2","2","2","3","7","2","2","6","5"
"1702337243913","7","7","7","7","7","4","5","4","5","4","2","6","6","6","7","6","6"
"1702337340101","6","5","6","6","6","3","4","3","3","2","2","6","3","7","4","4","2"
"1702337407324","7","5","7","7","6","4","5","3","3","3","2","1","3","1","2","5","2"
"1702337412000","6","5","6","6","6","5","4","4","5","3","2","6","6","3","2","4","4"
"1702337510728","6","4","6","5","5","4","4","4","4","4","2","2","5","7","4","4","4"
"1702337513196","6","5","5","4","5","7","6","6","6","5","2","6","5","6","5","6","7"
"1702337546493","6","4","6","4","4","6","6","6","3","4","2","6","6","4","6","6","3"
"1702337613999","4","4","5","4","4","6","4","7","6","6","2","4","5","1","4","5","4"
"1702337619777","7","7","7","7","7","3","4","4","4","4","2","1","4","5","6","5","2"
"1702337711075","7","7","6","7","7","2","4","3","3","2","2","7","5","5","6","6","6"
"1702337878810","6","6","7","7","6","3","4","3","3","3","2","6","5","7","4","6","5"
"1702338242156","7","7","6","6","6","3","3","3","4","3","2","4","5","5","5","6","6"
"1702338406849","6","6","6","6","5","2","2","2","2","1","2","3","4","5","3","4","3"
"1702338421882","6","6","6","6","6","2","6","3","2","2","2","6","6","2","6","6","7"
"1702338587249","5","5","6","6","6","1","2","2","1","2","2","3","4","6","4","2","2"
"1702338696269","7","6","7","7","7","3","3","3","3","3","2","3","6","6","7","5","4"
"1702338834885","7","7","6","5","7","5","6","7","5","6","2","5","5","6","6","6","6"
"1702338851852","7","7","7","7","7","3","4","2","2","1","2","1","7","2","1","6","4"
"1702339263057","6","6","6","6","7","1","2","2","1","2","2","2","5","2","2","6","5"
"1702339386338","6","6","5","6","6","4","4","5","5","5","2","6","5","4","5","6","4"
"1702339736540","7","7","7","7","7","4","4","7","6","7","2","1","7","1","4","7","7"
"1702339806419","4","5","5","4","5","6","6","5","5","5","2","4","5","4","4","6","3"
"1702340057577","6","6","6","4","6","2","4","4","4","4","2","4","6","4","4","6","6"
"1702340090347","7","7","7","7","7","1","1","1","1","1","2","2","5","2","3","7","6"
"1702340138037","4","1","1","1","1","7","7","7","7","7","2","1","4","1","1","7","7"
"1702340142070","7","7","7","7","7","3","3","3","4","1","2","2","3","3","3","7","6"
"1702340174561","4","4","4","3","4","7","6","7","6","7","2","5","4","1","1","3","3"
"1702340193540","5","7","6","5","6","1","2","3","1","2","2","1","4","3","2","5","3"
"1702340960284","7","7","7","7","7","2","3","2","3","7","2","7","4","4","1","5","5"
"1702341288950","5","6","6","5","7","7","5","6","6","6","2","1","7","5","1","7","6"
"1702341326098","5","5","5","5","5","4","5","3","4","3","2","6","4","4","5","1","1"
"1702341580262","4","6","4","5","6","5","5","7","4","6","2","6","6","5","5","3","4"
"1702341718755","7","7","7","7","7","1","1","1","2","1","2","3","4","6","5","5","3"
"1702343192136","7","6","5","6","4","1","1","4","1","5","2","5","1","2","1","5","5"
"1702343882891","5","5","5","5","5","3","4","3","3","3","2","5","4","6","5","4","3"
"1702350960785","7","7","7","7","7","1","2","2","1","1","2","6","6","7","7","7","5"
"1702354390911","6","5","6","6","5","2","3","4","4","2","2","3","3","3","1","7","6"
"1703257100667","4","5","5","3","5","5","4","3","5","5","6","4","3","5","4","4","6"
"1704743088119","4","4","4","4","4","4","4","4","4","4","4","4","4","4","4","4","4"
"1704987265732","5","5","5","5","5","2","3","2","2","2","2","6","6","7","7","6","6"
"1705277475643","6","6","6","6","5","2","6","7","6","6","2","6","6","3","7","6","3"
"1705279176636","7","7","7","7","7","5","5","5","4","4","2","5","7","3","4","7","3"
"1705279178335","5","6","6","6","7","3","3","6","3","4","2","2","5","5","5","6","3"
"1705279370373","6","6","6","7","6","4","5","4","5","2","2","7","7","6","6","7","6"
"1705281081734","6","7","7","6","7","4","4","4","2","2","2","2","5","5","2","4","4"
"1705281173013","7","7","7","7","7","1","1","1","1","1","2","3","7","4","3","7","5"
"1705281240019","6","6","6","7","7","2","3","2","2","1","2","3","7","6","7","6","6"
"1705282446157","6","6","6","7","6","3","3","2","4","2","2","3","7","3","2","5","5"
"1705282449178","6","5","6","5","5","4","5","4","4","3","2","5","6","3","3","5","6"
"1705282470031","4","4","4","4","4","2","2","2","2","2","2","2","6","2","2","4","2"
"1705282471578","6","6","6","7","6","2","3","3","3","2","2","5","6","2","3","6","6"
"1705282472219","6","7","6","6","6","7","6","7","6","6","2","7","7","1","6","6","1"
"1705282608902","6","6","7","6","6","1","2","2","1","2","2","5","4","1","2","4","5"
"1705282736738","7","7","7","7","7","1","1","1","1","1","2","7","7","7","7","7","4"
"1705282746201","7","7","7","7","7","4","3","1","5","4","2","3","7","7","7","1","1"
"1705282775303","6","7","6","6","6","3","3","3","2","6","2","3","4","3","2","7","5"
"1705282846027","7","7","7","7","6","1","1","2","1","1","2","1","5","2","7","6","4"
"1705282877447","6","7","6","6","6","2","3","4","2","6","2","4","6","4","5","5","3"
"1705283331474","6","3","3","4","4","5","4","4","4","5","2","6","4","5","4","5","5"
"1705283676356","6","7","6","7","6","2","4","2","3","2","2","2","5","4","5","4","3"
"1705283787829","4","5","6","7","6","2","3","2","2","1","2","2","6","1","2","6","4"
"1705283949124","7","6","6","7","6","2","3","3","2","1","2","4","6","6","4","7","5"
"1705284181754","5","6","5","6","5","1","3","2","2","5","2","2","5","1","1","4","2"
"1705284228268","7","7","7","6","7","3","3","3","3","3","2","5","7","3","3","6","3"
"1705284486010","5","6","4","6","6","2","6","2","5","2","2","2","2","7","5","5","5"
"1705284486663","4","3","3","3","3","6","6","3","6","4","2","3","4","3","3","3","3"
"1705284980448","7","6","6","7","6","2","2","2","2","2","2","5","5","3","6","7","6"
"1705285390125","1","1","3","3","3","5","5","5","5","3","2","4","7","1","1","1","1"
"1705285518734","7","6","7","6","7","1","6","7","7","7","2","6","7","1","1","4","1"
"1705285577343","5","5","6","6","5","3","5","4","5","4","2","5","5","2","3","5","4"
"1705285665135","5","5","5","6","6","5","5","4","5","2","2","1","3","5","2","5","5"
"1705285821087","6","6","6","6","6","4","4","2","3","2","2","6","6","3","3","7","6"
"1705286126749","7","7","7","7","6","7","6","7","6","5","2","1","5","1","1","7","6"
"1705286183682","6","6","6","7","7","3","4","1","3","2","2","6","3","6","7","6","5"
"1705286390974","4","4","4","4","6","6","6","6","6","6","2","6","6","5","6","6","1"
"1705286410994","5","5","6","6","5","3","4","3","3","3","2","5","5","5","5","4","2"
"1705288398540","6","5","7","6","5","2","2","2","2","2","2","6","5","6","4","6","5"
"1705288544290","7","7","7","7","7","3","5","3","2","3","2","4","6","5","4","7","5"
"1705288948725","6","6","6","6","6","2","2","4","2","2","2","1","7","2","1","7","2"
"1705291661755","7","7","7","7","7","5","3","5","5","3","2","5","7","7","5","7","7"
"1705292657392","6","6","7","7","7","1","1","1","1","1","2","4","7","3","1","6","6"
"1705586013888","6","6","7","7","5","4","7","3","7","2","2","1","3","1","2","7","7"
"1705944942805","5","4","6","5","6","5","4","5","4","3","2","3","3","4","2","5","3"
"1705944944211","6","6","4","6","3","1","4","1","1","1","2","1","4","7","2","7","1"
"1705944946895","5","5","4","6","5","4","6","6","5","4","2","5","3","6","4","4","4"
"1705944952541","6","6","6","7","7","2","1","1","2","1","2","6","6","7","7","3","1"
"1705944954830","6","7","6","7","6","5","6","7","5","6","2","7","6","2","1","7","7"
"1705944955127","6","6","5","6","5","3","3","3","3","2","2","5","6","2","2","6","5"
"1705944955150","7","7","7","7","7","1","3","1","4","1","2","2","7","3","3","6","3"
"1705944955204","7","7","7","7","7","2","2","2","3","2","2","3","2","7","7","2","2"
"1705944961428","6","6","6","6","6","2","2","3","3","2","2","1","7","6","2","5","4"
"1705944968170","7","6","6","6","6","5","5","5","4","4","2","1","1","5","2","4","2"
"1705944972248","6","5","6","6","6","2","3","2","5","3","2","2","7","7","3","2","2"
"1705944980424","6","6","5","6","5","5","5","6","5","5","2","7","5","5","7","5","6"
"1705945010571","5","4","4","4","5","6","6","6","4","6","2","3","7","7","6","7","5"
"1705945010715","7","6","6","6","7","2","3","2","2","2","2","6","6","2","4","6","6"
"1705945010835","6","7","7","7","7","2","3","2","3","2","2","6","7","4","3","5","4"
"1705945010966","5","5","5","5","5","1","1","2","1","2","2","6","5","6","4","4","2"
"1705945011134","6","6","6","6","7","5","5","5","5","4","2","3","1","5","2","6","2"
"1705945011892","6","5","6","6","4","7","6","6","7","6","2","5","1","7","6","2","1"
"1705945012299","7","7","7","7","7","1","2","1","2","1","2","4","5","7","2","6","4"
"1705945012485","7","7","6","6","7","1","1","2","2","1","2","6","6","1","1","5","3"
"1705945012633","6","5","6","6","5","6","5","6","4","3","2","4","6","5","6","5","3"
"1705945012726","7","6","7","7","7","3","4","5","3","7","2","7","5","5","1","5","7"
"1705945013085","6","5","7","5","5","5","5","4","4","2","2","5","2","4","6","5","4"
"1705945013131","5","7","5","6","7","3","4","4","3","2","2","6","7","5","6","7","6"
"1705945013439","7","5","6","6","7","2","3","2","2","1","2","1","3","6","6","2","1"
"1705945013768","7","7","7","7","7","2","4","3","4","2","2","1","4","5","7","7","6"
"1705945013979","7","7","7","7","7","3","1","3","3","3","2","7","4","1","5","3","1"
"1705945014614","7","6","6","7","7","3","3","3","3","1","2","1","7","2","1","6","4"
"1705945014914","7","7","6","7","6","3","4","4","3","5","2","5","6","7","5","6","6"
"1705945015103","6","5","6","6","6","3","4","4","4","3","2","2","3","6","4","6","5"
"1705945015540","7","7","7","7","7","2","2","1","1","1","2","6","5","6","6","7","5"
"1705945016595","7","7","6","7","7","2","3","3","2","2","2","5","7","3","3","7","6"
"1705945016714","6","6","5","6","6","1","1","2","1","1","2","1","6","2","5","5","6"
"1705945017075","6","6","6","5","6","2","1","1","1","1","2","3","5","7","5","4","3"
"1705945018454","7","7","7","7","7","7","7","7","7","7","2","5","7","1","1","7","7"
"1705945018980","6","5","7","6","6","4","6","4","3","2","2","2","7","3","3","5","6"
"1705945019519","7","2","6","7","7","2","2","1","2","1","2","2","6","5","2","6","2"
"1705945019711","6","6","6","6","5","4","4","4","4","3","2","4","6","3","5","6","6"
"1705945019808","6","5","6","6","6","2","2","2","2","2","2","2","5","3","3","6","2"
"1705945020489","5","6","6","4","5","6","4","4","5","6","2","6","6","4","5","6","6"
"1705945022068","6","3","6","6","5","6","6","5","4","5","2","6","5","4","5","6","6"
"1705945022195","6","5","5","6","5","5","5","4","5","4","2","4","4","6","7","5","4"
"1705945023003","6","7","6","6","7","3","3","3","3","2","2","6","6","5","2","6","6"
"1705945024616","6","7","5","6","6","3","5","2","4","6","2","3","5","4","2","3","6"
"1705945024810","6","1","5","6","4","2","5","6","6","4","2","1","5","3","4","7","4"
"1705945025085","7","7","7","7","7","6","5","6","5","4","2","6","3","2","4","6","5"
"1705945025215","6","6","6","6","5","5","5","4","5","6","5","5","5","3","2","7","5"
"1705945025884","6","6","6","7","6","2","4","2","3","2","2","6","4","5","4","5","5"
"1705945026137","7","5","6","7","7","2","3","2","3","2","2","2","4","2","1","5","5"
"1705945028444","7","6","7","7","7","7","6","5","7","2","2","5","3","1","7","6","5"
"1705945029349","6","5","5","5","5","2","3","3","3","2","2","6","5","4","4","3","2"
"1705945029584","6","5","6","6","5","3","5","1","3","3","2","6","3","6","6","4","3"
"1705945029718","7","7","7","7","7","1","2","2","1","1","2","2","4","5","5","5","3"
"1705945032810","7","4","6","7","5","6","6","4","4","6","2","6","7","4","5","6","7"
"1705945032988","7","7","7","7","7","6","6","6","6","6","2","6","6","6","5","7","5"
"1705945033019","5","5","5","6","4","5","5","6","4","5","2","6","5","6","4","4","5"
"1705945035138","6","6","6","6","6","4","4","4","4","4","2","7","7","4","1","4","6"
"1705945040380","6","6","6","6","6","4","4","4","3","4","2","5","4","2","4","5","3"
"1705945041310","7","6","6","6","6","2","3","3","3","2","2","2","2","4","2","4","2"
"1705945041923","6","6","5","4","6","6","6","6","6","6","2","7","2","4","2","7","6"
"1705945042815","4","7","7","7","2","4","4","4","4","4","2","1","1","1","1","7","7"
"1705945043001","6","4","4","7","4","4","6","6","4","4","2","1","4","7","1","4","4"
"1705945045241","5","3","4","5","3","4","5","5","6","4","2","6","6","3","2","5","2"
"1705945046235","1","2","5","4","2","6","6","6","6","6","2","1","1","2","1","1","2"
"1705945051024","6","6","6","7","7","1","2","2","2","1","2","3","6","6","5","4","2"
"1705945052807","6","6","6","6","6","1","2","1","1","2","2","2","3","3","2","3","2"
"1705945053269","6","6","6","6","6","4","4","4","4","2","2","4","6","4","4","5","5"
"1705945054170","5","4","5","5","5","4","5","4","4","4","2","2","4","6","2","5","2"
"1705945054728","7","6","7","7","7","3","4","3","4","2","2","1","7","5","4","5","3"
"1705945058014","5","5","4","3","3","4","5","3","3","6","2","4","5","4","4","2","3"
"1705945058889","6","6","6","6","6","2","2","2","2","2","2","2","2","2","2","4","4"
"1705945060350","7","7","7","7","4","7","6","6","6","7","2","4","5","1","5","6","4"
"1705945064444","6","5","6","6","5","7","5","3","5","5","2","6","5","5","5","6","7"
"1705945064584","5","4","5","6","6","3","3","3","2","2","2","5","6","5","6","7","2"
"1705945065328","7","6","6","7","2","3","3","4","2","4","2","1","4","3","5","5","4"
"1705945068489","6","7","7","6","7","1","2","3","2","1","2","2","5","7","5","6","2"
"1705945075083","3","3","3","3","3","5","6","5","6","5","2","2","3","3","2","6","7"
"1705945078158","7","6","7","7","7","3","4","5","3","2","2","2","6","4","1","7","1"
"1705945078509","4","5","5","5","6","6","6","7","6","5","2","2","5","4","2","6","4"
"1705945078822","6","5","5","5","6","2","3","1","2","1","2","7","6","3","2","5","6"
"1705945081558","7","7","7","7","7","1","3","1","1","1","2","3","4","1","1","7","7"
"1705945082242","6","6","6","7","6","4","5","4","3","4","2","5","5","4","5","4","4"
"1705945083349","5","6","7","6","5","6","3","6","3","7","2","3","6","2","7","7","6"
"1705945084415","7","7","7","7","7","3","3","5","4","5","2","2","6","6","4","7","5"
"1705945085935","7","7","7","7","7","1","1","1","1","1","2","1","7","4","1","4","4"
"1705945089786","5","4","5","4","5","6","6","6","6","6","2","6","6","4","5","5","5"
"1705945093904","2","3","6","4","3","6","6","6","6","5","2","2","6","2","5","4","3"
"1705945093939","7","7","7","7","7","3","3","3","2","1","2","1","3","1","1","4","3"
"1705945096407","6","5","6","6","6","4","4","4","5","4","2","2","6","7","5","6","2"
"1705945102099","6","6","5","7","5","6","6","7","5","2","2","6","7","3","6","6","7"
"1705945102425","7","6","6","5","5","4","4","4","4","6","2","3","3","4","3","4","2"
"1705945103483","7","5","6","6","7","2","3","3","4","2","2","7","7","4","6","7","4"
"1705945103695","6","6","6","6","6","2","3","3","3","2","2","4","5","6","6","5","5"
"1705945105880","6","6","6","6","6","2","1","2","1","1","2","3","7","2","1","5","3"
"1705945108881","7","6","7","7","7","4","4","4","5","1","2","1","1","1","3","5","3"
"1705945109650","7","7","7","7","6","7","7","7","7","7","2","6","6","4","5","6","6"
"1705945110901","7","7","7","7","7","2","2","2","2","1","2","6","7","7","7","7","6"
"1705945114883","6","6","6","4","3","3","2","2","3","2","2","1","7","2","5","4","1"
"1705945115312","7","7","7","7","7","6","6","6","6","6","2","7","7","1","1","7","7"
"1705945117174","5","4","4","4","5","3","3","3","4","5","2","5","5","5","6","5","5"
"1705945117679","7","7","7","7","7","2","2","2","2","2","2","1","4","2","1","6","6"
"1705945118387","7","7","3","7","6","2","2","3","2","3","2","2","4","7","5","5","4"
"1705945120123","6","6","6","6","6","3","3","2","1","2","2","1","4","7","6","4","3"
"1705945121298","7","7","7","7","7","2","2","3","1","2","2","2","7","4","3","6","6"
"1705945122344","6","6","6","6","6","3","3","3","3","2","2","7","7","7","6","6","6"
"1705945123129","7","7","5","7","7","5","7","7","5","1","2","1","7","2","2","7","2"
"1705945124393","6","4","5","5","5","5","5","6","4","6","2","5","4","4","5","3","2"
"1705945127540","5","5","6","6","4","4","5","4","4","3","2","6","1","4","6","4","3"
"1705945128908","7","6","6","6","7","6","6","6","7","7","2","5","6","1","3","7","6"
"1705945130600","7","6","7","7","6","5","5","5","6","2","2","6","6","5","6","7","6"
"1705945132390","3","5","6","6","6","6","5","5","3","6","2","5","6","5","6","3","6"
"1705945134897","5","4","5","4","6","2","5","6","7","7","2","2","7","7","7","7","4"
"1705945136616","7","5","7","7","7","3","4","3","4","1","2","4","7","1","1","4","2"
"1705945139804","3","6","2","7","6","6","4","3","4","6","2","7","7","6","1","3","2"
"1705945140669","6","4","6","5","6","2","2","2","1","2","2","1","5","4","2","4","1"
"1705945142666","7","7","6","6","7","2","6","5","3","3","2","5","7","2","3","6","5"
"1705945142820","6","6","6","6","7","3","4","4","3","2","2","2","5","6","5","6","5"
"1705945145587","7","7","7","7","7","2","3","2","2","2","2","4","7","4","3","5","5"
"1705945149027","6","5","4","4","5","3","3","3","5","3","2","2","4","6","5","5","5"
"1705945152729","7","7","7","7","7","3","2","1","1","1","2","7","7","3","2","7","7"
"1705945152793","7","7","7","7","7","5","5","6","4","1","2","1","7","7","2","6","2"
"1705945157365","5","5","4","5","6","5","5","5","5","3","2","6","6","5","6","5","5"
"1705945157807","4","4","6","4","5","6","7","6","6","6","2","5","7","1","1","7","7"
"1705945161197","7","7","7","7","7","1","1","1","1","1","2","4","3","2","2","3","3"
"1705945161811","7","7","7","7","7","1","1","1","1","1","2","3","4","7","7","6","3"
"1705945162096","7","6","6","6","6","6","4","6","6","6","2","4","6","3","3","6","5"
"1705945168543","7","6","7","7","7","1","2","1","1","1","2","3","7","5","5","5","5"
"1705945171430","6","6","6","6","5","6","7","6","6","3","2","2","1","5","5","1","1"
"1705945179126","6","6","6","6","6","4","7","4","4","6","2","2","5","5","1","6","1"
"1705945179409","4","5","6","6","6","3","6","3","2","2","2","3","5","5","3","5","4"
"1705945180974","5","5","7","6","6","6","7","6","6","5","2","4","5","4","7","7","5"
"1705945181415","4","4","4","4","4","1","2","2","2","3","2","2","3","5","2","2","1"
"1705945181715","7","7","7","7","7","3","2","4","3","2","2","1","7","4","5","7","2"
"1705945182457","5","4","5","5","5","6","6","5","5","5","2","4","4","4","4","5","3"
"1705945191531","3","4","3","3","3","6","6","5","5","4","2","2","3","5","4","4","3"
"1705945193192","7","6","6","7","7","1","1","1","1","1","2","3","5","5","6","6","4"
"1705945193448","6","6","6","6","5","3","4","4","2","3","2","2","2","5","5","6","3"
"1705945196945","4","4","6","5","5","4","5","4","4","4","2","4","3","2","2","4","2"
"1705945198982","4","3","4","4","4","5","5","5","5","5","2","4","3","3","2","3","2"
"1705945199408","5","5","5","6","6","3","4","3","2","3","2","4","5","4","4","5","4"
"1705945202375","6","6","6","6","7","3","4","4","3","2","2","1","4","1","2","7","6"
"1705945203704","5","5","5","5","5","2","4","3","3","3","2","3","3","4","3","5","4"
"1705945204400","3","3","3","3","3","6","6","6","6","5","2","6","5","3","4","5","5"
"1705945205287","6","6","6","7","7","3","5","4","5","5","2","2","7","3","3","7","6"
"1705945208133","6","6","6","7","6","3","2","4","2","2","2","2","3","2","3","7","5"
"1705945216604","7","7","7","7","7","5","5","5","5","1","2","1","4","7","1","6","1"
"1705945227276","7","7","7","7","7","7","1","7","7","1","2","7","7","1","1","7","7"
"1705945234688","7","7","7","7","7","2","1","3","2","3","2","5","6","7","5","6","1"
"1705945248318","6","5","7","5","6","4","3","4","4","6","2","6","4","4","2","7","7"
"1705945251199","3","2","2","2","2","5","4","6","6","5","2","5","5","5","3","5","4"
"1705945254062","6","6","6","6","6","4","2","3","2","2","2","3","5","6","4","3","4"
"1705945257950","6","5","6","5","5","5","4","5","4","3","2","7","3","4","5","4","4"
"1705945259457","6","7","7","6","7","7","6","6","7","6","2","7","7","1","1","7","7"
"1705945281118","7","7","7","7","7","1","4","2","3","1","2","1","6","4","3","6","5"
"1705945283042","5","5","4","6","5","4","6","5","5","5","2","1","6","3","1","5","4"
"1705945284036","6","5","4","4","4","4","4","5","4","4","2","4","4","3","3","5","4"
"1705945286715","3","1","5","3","5","6","6","6","6","6","2","5","6","2","2","2","1"
"1705945289600","7","7","7","7","7","2","4","3","4","1","2","5","5","5","5","6","4"
"1705945291357","6","5","7","5","6","4","7","4","6","6","2","6","2","6","7","6","6"
"1705945292718","7","7","6","7","7","1","1","1","1","1","2","7","5","6","5","7","6"
"1705945294770","7","7","4","7","7","7","7","7","1","4","2","1","4","7","1","7","1"
"1705945296059","4","3","2","2","2","4","5","4","6","4","2","6","4","6","7","4","4"
"1705945302246","3","3","4","3","3","7","7","7","7","6","2","5","3","6","6","5","2"
"1705945309551","5","6","5","5","4","5","4","5","6","6","2","6","5","6","6","4","4"
"1705945310246","6","6","6","6","6","3","3","3","3","4","2","4","6","7","4","6","4"
"1705945312276","3","4","5","4","4","3","3","3","3","2","2","5","3","6","2","2","2"
"1705945318139","7","7","7","6","6","2","1","3","2","2","2","1","4","2","2","6","3"
"1705945322849","6","4","4","5","5","6","6","6","6","6","2","6","6","3","6","5","4"
"1705945331095","5","6","5","6","6","3","3","3","3","3","2","6","4","3","6","6","3"
"1705945331122","6","6","7","6","6","5","6","6","6","5","2","2","6","3","2","3","3"
"1705945334357","6","6","7","7","7","2","4","2","2","2","2","5","5","6","6","6","5"
"1705945341321","6","6","5","7","6","3","5","4","3","4","2","3","5","7","7","2","2"
"1705945343544","4","3","4","3","5","4","3","4","5","4","2","4","5","3","3","3","4"
"1705945346050","5","5","6","4","5","5","5","5","4","5","2","5","6","2","5","5","5"
"1705945348292","7","7","6","7","7","1","1","1","2","2","2","3","7","6","5","6","5"
"1705945348422","4","3","5","4","4","4","4","5","5","5","2","2","6","6","4","1","3"
"1705945348609","7","7","7","4","4","4","4","4","4","4","2","1","5","1","1","7","5"
"1705945353463","6","6","7","7","7","2","2","2","2","2","2","2","6","5","4","6","4"
"1705945353734","7","7","7","7","7","2","4","2","2","1","2","1","1","4","3","5","1"
"1705945353999","7","7","7","7","7","1","2","2","2","1","2","5","5","3","2","4","4"
"1705945354412","7","4","6","6","7","7","7","7","5","3","2","7","5","1","1","7","6"
"1705945357771","4","7","7","7","7","1","4","3","7","1","2","7","4","1","1","7","1"
"1705945362027","3","2","4","5","3","2","6","2","2","3","2","6","7","3","5","1","1"
"1705945364809","6","6","6","4","6","1","1","1","1","1","2","1","5","1","1","5","1"
"1705945366954","7","7","7","7","6","2","2","2","2","2","2","2","4","2","3","5","4"
"1705945368575","7","7","7","7","7","1","1","2","2","2","2","7","4","3","7","6","2"
"1705945368733","4","4","4","7","7","4","5","6","6","4","2","4","7","1","1","7","7"
"1705945385850","5","6","6","5","6","3","5","3","5","3","2","3","3","5","5","3","3"
"1705945389055","6","5","6","6","6","2","2","2","7","1","2","6","5","6","3","7","3"
"1705945391656","4","4","6","4","5","5","5","5","5","4","2","1","4","1","1","1","1"
"1705945392916","7","7","7","7","7","5","5","3","3","2","2","6","7","1","1","6","2"
"1705945394893","7","6","7","4","5","5","4","4","5","2","2","1","4","4","6","6","2"
"1705945398493","5","4","4","5","5","5","5","5","5","4","2","4","5","6","5","5","4"
"1705945403288","4","4","4","4","4","4","6","5","5","5","2","7","6","6","2","5","4"
"1705945405339","7","7","7","7","7","1","3","2","2","3","2","7","7","1","2","7","7"
"1705945409897","5","4","5","4","7","2","2","4","4","2","2","4","5","4","5","1","1"
"1705945411544","7","7","7","7","6","1","2","3","3","1","2","6","7","6","4","3","4"
"1705945411604","6","4","6","5","5","3","4","2","3","2","2","5","4","6","1","4","3"
"1705945415274","6","6","6","7","6","4","5","4","3","5","2","3","5","5","6","4","4"
"1705945418408","6","7","6","4","5","6","6","6","5","4","2","6","5","5","6","6","5"
"1705945419095","7","6","6","5","6","3","3","3","2","3","2","2","5","3","5","7","4"
"1705945420940","3","2","3","3","5","7","7","6","7","6","2","2","6","6","2","1","1"
"1705945421991","6","6","6","6","6","2","3","2","2","2","2","2","5","3","2","6","4"
"1705945423046","7","6","6","6","5","6","6","6","5","5","2","4","4","4","4","4","4"
"1705945426545","4","3","4","5","4","3","4","3","2","4","2","2","4","3","2","4","2"
"1705945433431","5","6","6","7","7","5","5","6","3","6","2","7","7","7","7","7","7"
"1705945436403","5","5","6","6","6","3","4","3","4","3","2","4","5","4","3","5","4"
"1705945450119","4","4","3","5","4","3","2","1","1","1","2","2","7","6","4","2","2"
"1705945458929","5","4","5","6","6","2","3","2","4","2","2","1","4","1","1","5","4"
"1705945462152","6","5","7","6","4","2","2","2","2","2","2","3","3","5","3","6","3"
"1705945467193","6","5","4","5","4","5","5","5","6","5","2","5","5","5","6","6","6"
"1705945467847","5","4","5","6","5","4","5","6","6","5","2","2","6","5","5","5","6"
"1705945470604","6","7","6","7","6","1","5","1","1","1","2","1","5","4","2","5","4"
"1705945473084","5","5","4","6","5","5","4","3","4","3","2","5","4","3","3","5","5"
"1705945476350","7","6","7","7","7","5","6","5","4","5","2","5","4","6","5","1","4"
"1705945478038","7","7","7","7","7","2","4","3","3","1","2","2","5","6","7","7","5"
"1705945484539","7","7","7","6","7","4","3","4","5","2","2","2","7","5","3","6","5"
"1705945488117","6","6","5","6","5","5","5","3","3","3","2","4","3","5","5","6","3"
"1705945494784","7","4","5","6","5","2","4","2","2","2","2","2","4","3","3","4","3"
"1705945499923","7","7","7","7","7","1","1","1","1","1","2","1","7","1","1","7","7"
"1705945500457","7","7","7","7","7","1","3","2","2","1","2","7","7","6","4","5","5"
"1705945517680","5","4","5","6","5","6","6","6","5","6","2","2","6","2","6","3","2"
"1705945519245","6","6","5","6","6","2","4","4","4","6","2","3","2","3","2","4","2"
"1705945520207","6","6","6","6","6","3","3","2","4","2","2","4","6","4","5","6","4"
"1705945524980","5","5","6","6","5","5","5","5","5","4","2","3","6","6","4","5","5"
"1705945525756","6","5","5","6","7","1","1","1","5","1","2","1","3","1","6","6","5"
"1705945526215","6","6","6","6","6","4","4","4","4","4","2","4","6","2","2","4","2"
"1705945526333","7","7","6","7","7","2","4","3","2","2","2","6","5","6","6","7","6"
"1705945534446","7","7","7","7","7","5","6","4","7","4","2","7","7","6","6","3","3"
"1705945537121","6","6","6","6","7","3","5","3","4","2","2","7","3","6","6","4","4"
"1705945543334","6","6","6","7","7","6","2","7","4","2","2","2","7","1","6","5","7"
"1705945544403","4","5","5","3","5","3","3","3","3","3","2","2","3","3","5","5","3"
"1705945557474","7","7","7","7","7","1","2","1","1","7","2","1","5","1","1","4","4"
"1705945557546","6","5","4","5","6","4","4","2","4","6","2","5","4","4","5","5","5"
"1705945564484","6","6","6","6","6","3","4","3","4","6","2","2","5","2","1","6","4"
"1705945566367","7","7","6","6","6","2","2","2","2","1","2","2","2","3","2","5","2"
"1705945571248","7","7","7","7","7","1","2","2","3","1","2","3","6","2","2","7","6"
"1705945572219","5","5","5","5","5","5","6","6","6","6","2","2","5","2","4","3","3"
"1705945573055","6","6","6","6","6","6","6","6","6","6","2","6","7","2","3","7","6"
"1705945573327","6","6","5","6","6","2","2","2","2","2","2","1","4","6","6","2","2"
"1705945575033","7","6","5","7","7","2","2","2","1","2","2","1","3","7","1","7","3"
"1705945578485","6","6","6","6","6","4","5","3","3","6","2","2","5","4","6","3","3"
"1705945581190","6","5","5","6","6","5","5","5","5","5","2","1","3","6","3","5","1"
"1705945582608","6","7","7","6","6","6","6","6","5","6","2","7","7","4","5","7","7"
"1705945585007","6","7","7","6","7","4","4","1","4","4","2","7","7","1","1","5","3"
"1705945585593","7","6","7","7","6","7","7","7","6","7","2","7","7","6","6","7","7"
"1705945589721","6","7","6","6","7","3","4","2","4","2","2","2","2","3","6","4","3"
"1705945593486","6","6","6","3","7","1","2","4","2","3","2","2","6","5","3","6","6"
"1705945595851","1","1","4","5","6","6","5","2","2","5","2","2","3","5","6","1","1"
"1705945600756","7","1","5","1","6","3","1","7","3","5","2","7","3","1","7","5","1"
"1705945604367","6","5","5","6","5","5","5","4","5","2","2","3","5","3","5","5","3"
"1705945607498","6","6","6","6","5","3","4","4","3","2","2","2","5","5","4","4","2"
"1705945610044","6","6","6","6","6","3","3","3","3","3","2","4","5","2","3","6","5"
"1705945611933","4","4","6","6","6","3","3","5","3","6","2","4","5","5","5","5","4"
"1705945614408","7","7","7","7","7","5","5","5","2","7","2","7","6","3","5","4","3"
"1705945617217","6","6","6","6","6","2","2","2","2","2","2","2","3","2","2","6","5"
"1705945620943","6","6","6","6","6","4","2","3","4","3","2","1","5","7","1","2","1"
"1705945623282","7","6","5","5","6","7","7","7","6","5","2","2","4","7","2","4","3"
"1705945626492","7","5","5","5","6","6","6","4","6","4","2","7","5","6","7","7","6"
"1705945631836","5","7","5","5","4","3","3","5","5","3","2","4","5","5","4","7","5"
"1705945635566","6","1","6","7","6","6","6","6","7","6","2","5","2","4","6","6","6"
"1705945642889","2","3","4","4","4","6","6","6","5","4","2","3","6","2","2","6","5"
"1705945647597","7","4","5","5","3","3","5","3","3","4","2","4","6","4","4","6","5"
"1705945652061","5","4","5","5","6","5","5","5","5","4","2","1","2","1","1","6","7"
"1705945654360","6","7","7","7","7","2","1","1","2","2","2","7","7","7","7","5","2"
"1705945661247","5","5","5","5","4","5","6","5","6","6","2","4","6","5","6","6","6"
"1705945663353","7","3","6","6","6","2","5","6","4","2","2","6","6","6","5","6","4"
"1705945667638","6","6","6","6","5","2","4","2","3","2","2","2","6","5","3","3","3"
"1705945675317","7","6","7","6","6","6","5","5","5","7","2","7","6","6","4","7","5"
"1705945677699","4","3","5","4","4","2","5","4","5","5","2","4","3","3","4","6","4"
"1705945686427","7","7","6","6","6","5","5","5","5","2","2","2","3","3","3","6","2"
"1705945696406","7","6","6","6","6","2","2","1","4","2","2","3","6","1","3","6","4"
"1705945696905","5","4","5","5","3","5","4","4","4","4","2","3","3","3","4","4","1"
"1705945706373","7","7","7","7","7","1","1","1","1","1","2","5","6","5","6","6","6"
"1705945706443","6","4","5","6","6","1","6","1","1","2","2","1","7","6","6","5","3"
"1705945708312","2","2","1","1","1","7","7","7","7","1","2","1","5","7","2","5","3"
"1705945713542","5","4","5","4","4","5","5","5","5","4","2","5","5","7","6","6","4"
"1705945716523","6","5","6","6","6","4","1","1","6","4","2","6","7","6","1","2","2"
"1705945716741","6","5","6","5","6","4","2","4","4","2","2","4","3","1","2","5","1"
"1705945721582","4","6","6","6","5","4","6","4","5","2","2","1","3","5","2","5","5"
"1705945726000","5","4","5","6","5","7","6","4","4","4","2","5","7","6","5","4","2"
"1705945727257","6","5","7","7","6","3","3","3","5","3","2","3","5","7","6","3","4"
"1705945727976","6","7","7","7","7","3","3","3","2","2","2","2","2","5","3","2","2"
"1705945729576","7","5","7","6","7","7","2","7","4","2","2","1","6","2","2","5","4"
"1705945732783","3","2","3","2","4","5","6","5","6","5","2","2","3","4","3","6","6"
"1705945735243","7","7","6","6","6","3","3","3","3","2","2","5","6","2","6","7","7"
"1705945742761","7","7","7","7","7","7","7","7","7","7","2","7","7","7","7","7","7"
"1705945759590","6","5","5","6","5","3","3","3","2","3","2","6","5","4","5","5","4"
"1705945764680","5","5","5","5","5","3","3","3","3","5","2","2","5","6","2","3","3"
"1705945770877","5","5","6","6","6","2","3","4","5","5","2","6","3","2","5","4","4"
"1705945777132","7","7","7","7","7","3","3","4","4","2","2","6","7","4","3","4","3"
"1705945781287","4","5","6","6","6","3","4","6","4","2","2","6","5","5","7","6","5"
"1705945783930","6","5","6","7","6","4","5","3","2","3","2","3","3","2","3","5","4"
"1705945789636","7","7","7","7","7","1","4","1","1","1","2","1","1","4","4","5","4"
"1705945793380","6","7","6","7","7","5","7","5","5","5","2","6","5","5","4","6","6"
"1705945798113","7","5","7","7","7","1","7","4","5","7","2","2","5","5","2","5","5"
"1705945807065","7","6","6","6","6","6","6","5","6","7","2","4","6","2","4","5","7"
"1705945807529","7","6","6","7","6","5","5","6","6","5","2","3","4","7","4","7","6"
"1705945811995","7","7","7","7","6","2","1","2","2","2","2","3","6","4","2","7","3"
"1705945819596","6","6","6","6","7","3","2","3","3","2","2","2","2","5","3","3","3"
"1705945821836","4","7","6","5","6","5","6","6","6","1","2","6","6","7","6","2","3"
"1705945825195","6","7","6","6","6","3","2","3","3","6","2","4","6","3","4","6","6"
"1705945825963","5","5","6","5","5","5","4","6","5","4","2","6","4","5","5","6","5"
"1705945826664","6","7","6","6","6","2","3","6","3","7","2","3","6","5","7","6","6"
"1705945856819","7","7","7","7","7","1","1","1","1","1","2","5","5","3","3","6","3"
"1705945866114","6","5","6","6","7","2","3","2","2","1","2","3","2","3","6","7","5"
"1705945878775","6","6","6","7","7","7","5","4","6","1","2","6","5","6","3","5","2"
"1705945880706","6","6","6","5","4","4","4","3","6","3","2","7","5","4","6","6","4"
"1705945881982","6","5","6","7","5","5","4","3","5","5","2","7","7","1","1","7","6"
"1705945882330","6","5","5","6","6","1","1","1","1","1","2","3","3","1","5","7","5"
"1705945884327","6","6","5","3","5","2","4","3","4","2","2","2","6","3","4","5","5"
"1705945888094","1","6","2","2","4","7","7","6","7","5","2","5","7","5","6","6","2"
"1705945889856","5","6","4","6","3","4","6","7","5","3","2","2","6","5","2","4","1"
"1705945894756","7","7","7","7","7","4","4","4","4","3","2","4","7","4","3","7","6"
"1705945896332","7","7","6","6","7","2","3","6","5","4","2","5","4","6","4","7","6"
"1705945898938","6","5","6","6","6","4","5","5","3","3","2","4","5","6","4","6","4"
"1705945900630","5","5","5","6","6","4","4","3","4","3","2","3","5","6","6","5","2"
"1705945901699","5","6","6","5","6","6","4","4","4","6","2","5","6","6","5","6","7"
"1705945910514","6","6","6","6","6","3","3","4","4","2","2","2","3","6","2","5","2"
"1705945917969","7","4","7","7","4","4","5","4","4","2","2","6","7","6","5","5","4"
"1705945933483","6","7","7","6","6","6","5","5","5","4","2","1","6","4","4","5","3"
"1705945946878","4","4","4","5","4","5","5","5","5","5","2","1","1","1","2","2","1"
"1705945961360","7","7","7","7","7","2","2","2","2","2","2","1","7","1","1","6","4"
"1705945963796","5","4","4","4","4","6","4","5","6","5","2","2","4","5","6","6","5"
"1705945964123","6","5","6","7","6","2","4","2","3","2","2","6","5","6","5","5","5"
"1705945965678","7","7","1","7","7","1","1","1","1","1","2","1","7","1","1","7","7"
"1705945979624","3","1","2","2","3","7","7","7","7","5","2","2","2","3","4","3","2"
"1705945982121","6","6","5","5","5","2","2","2","2","2","2","2","7","3","3","5","3"
"1705945982997","4","4","4","4","4","4","4","4","4","4","2","4","4","4","4","4","4"
"1705945991762","5","4","4","5","6","4","5","7","5","4","2","4","5","4","4","6","6"
"1705946021606","6","5","6","6","6","3","3","3","3","3","2","6","4","3","2","4","3"
"1705946025357","7","7","7","7","7","1","1","1","1","1","2","1","1","7","1","6","1"
"1705946026981","6","6","4","6","6","6","5","6","5","6","5","6","6","6","6","6","7"
"1705946037064","3","2","2","4","4","5","6","6","6","4","2","5","3","5","6","4","2"
"1705946048070","7","6","7","7","7","1","2","1","4","2","2","7","2","6","1","7","5"
"1705946054802","6","6","6","6","6","5","4","5","4","5","2","2","3","2","1","4","3"
"1705946055898","4","5","4","5","4","2","2","3","3","6","2","6","7","5","6","6","5"
"1705946057208","5","6","5","6","6","4","4","3","4","3","2","5","2","6","2","5","3"
"1705946065307","7","6","6","7","7","4","5","5","5","1","2","6","7","7","7","7","7"
"1705946066826","7","7","7","7","4","1","2","1","1","1","2","1","1","5","4","5","1"
"1705946081164","6","6","6","6","6","6","5","6","6","6","2","4","4","6","3","4","4"
"1705946101554","6","6","6","6","6","2","2","2","2","2","2","3","4","3","6","5","5"
"1705946105849","6","7","4","6","5","4","3","3","3","5","2","4","6","1","2","4","4"
"1705946115185","7","6","6","7","7","4","5","5","4","4","2","4","5","4","6","4","4"
"1705946118774","3","3","4","4","3","4","4","4","2","3","2","5","6","6","6","5","3"
"1705946122664","7","7","7","7","7","1","1","1","1","1","2","4","5","3","2","4","5"
"1705946129256","7","6","7","7","7","2","3","3","2","1","2","1","7","1","4","1","1"
"1705946135405","6","6","6","6","6","2","2","3","1","2","2","1","7","1","1","6","4"
"1705946136926","5","6","6","6","6","3","3","5","3","2","2","5","5","6","5","6","3"
"1705946157305","7","7","7","7","7","1","1","1","1","1","2","6","7","4","2","7","7"
"1705946164754","6","5","6","6","4","2","2","2","3","6","2","5","6","6","5","4","3"
"1705946171711","3","4","3","4","4","6","6","6","5","6","2","5","6","6","6","4","3"
"1705946172446","5","5","5","4","4","5","4","5","5","5","2","4","4","2","4","3","3"
"1705946185535","4","4","4","4","4","6","6","6","6","6","2","6","4","4","4","4","4"
"1705946193379","4","6","6","5","6","4","5","6","7","6","2","4","7","6","4","2","3"
"1705946197615","7","7","6","5","7","2","2","2","2","2","2","4","6","7","4","4","1"
"1705946198166","6","6","4","6","6","2","2","2","2","2","2","5","4","2","5","5","4"
"1705946203745","7","7","7","7","7","1","1","1","1","1","2","3","7","1","3","7","7"
"1705946208646","4","4","5","3","6","5","6","6","3","5","2","5","5","5","4","4","7"
"1705946214168","6","7","7","7","6","3","2","3","3","1","2","1","2","6","5","4","2"
"1705946215236","7","5","6","6","6","2","5","3","2","1","2","4","7","6","5","3","3"
"1705946235508","3","4","4","4","3","4","4","4","5","4","2","7","7","1","2","3","3"
"1705946236911","7","7","7","7","7","4","4","4","4","4","2","3","6","6","5","5","3"
"1705946258582","2","2","2","2","2","6","6","6","6","6","2","5","5","5","3","3","4"
"1705946260067","5","5","5","5","5","3","4","3","4","2","2","3","5","4","3","4","2"
"1705946264491","7","7","7","7","7","3","4","3","4","4","2","4","4","6","3","4","2"
"1705946278551","5","5","7","6","5","3","4","5","6","6","2","6","5","6","3","5","5"
"1705946284873","7","6","6","7","7","1","2","2","2","1","2","2","6","1","1","4","3"
"1705946314275","4","4","5","5","7","1","4","4","1","1","2","1","4","1","1","4","1"
"1705946316512","6","6","6","6","5","5","5","5","5","4","2","5","6","4","5","5","5"
"1705946316567","3","4","2","4","3","6","6","6","6","3","2","1","5","6","7","3","2"
"1705946339665","5","5","5","5","2","6","5","4","6","6","2","5","6","2","4","6","4"
"1705946350664","7","7","7","7","7","4","6","6","6","3","2","7","6","3","6","6","5"
"1705946354721","6","6","6","6","6","4","6","4","4","3","2","6","6","4","4","5","4"
"1705946356362","4","4","4","6","6","5","6","5","5","3","2","1","6","1","1","4","4"
"1705946357152","5","6","5","5","6","3","2","2","4","3","2","6","5","1","4","5","3"
"1705946363672","6","6","6","6","6","2","2","2","2","2","2","2","6","3","2","1","1"
"1705946365533","5","5","4","5","5","6","6","6","6","6","2","5","5","4","4","5","4"
"1705946375875","4","5","5","5","5","5","5","5","5","5","2","4","7","6","7","7","4"
"1705946382776","6","7","7","7","7","4","6","7","4","1","2","2","7","7","2","7","7"
"1705946384293","6","5","6","6","4","3","3","3","4","3","2","4","5","4","4","6","6"
"1705946387590","6","5","5","6","6","5","4","5","4","5","2","5","5","4","6","6","4"
"1705946408616","6","6","7","7","7","2","3","2","3","1","2","3","7","4","2","5","4"
"1705946411327","3","3","5","4","2","5","5","4","4","6","2","6","6","3","4","6","5"
"1705946420125","5","6","3","5","6","1","2","1","2","2","2","2","5","2","1","4","3"
"1705946442358","6","3","4","3","5","6","4","4","5","4","2","4","6","5","5","5","5"
"1705946452154","7","7","7","7","7","4","7","7","5","3","2","4","7","1","4","7","4"
"1705946455799","5","5","5","6","4","4","5","5","5","3","2","1","3","5","1","6","5"
"1705946467093","7","6","6","5","5","7","3","3","4","6","2","4","7","3","6","6","5"
"1705946482601","6","7","6","6","6","1","2","2","1","1","2","4","5","2","3","5","4"
"1705946494061","4","5","5","6","5","2","2","4","2","4","2","5","5","4","2","6","5"
"1705946496735","7","7","7","7","7","2","4","2","4","1","2","4","6","1","1","5","5"
"1705946497259","7","7","7","7","7","1","1","1","1","1","2","1","6","7","5","6","6"
"1705946503305","6","5","6","6","6","4","5","3","4","3","2","3","5","2","2","5","5"
"1705946511732","7","7","5","5","4","4","2","5","4","2","2","5","6","2","2","7","7"
"1705946533604","4","3","5","5","5","5","5","5","5","4","2","6","3","2","4","6","4"
"1705946535521","7","7","7","7","7","4","4","2","3","2","2","7","1","4","3","4","1"
"1705946535816","5","3","5","5","4","7","5","7","5","3","2","5","7","2","3","7","4"
"1705946536048","5","5","5","6","6","3","3","4","4","3","2","2","4","5","4","3","2"
"1705946539755","6","5","6","6","6","3","2","3","2","4","2","5","3","7","6","2","2"
"1705946549850","7","6","7","7","6","2","3","3","2","1","2","6","5","5","2","6","6"
"1705946563627","3","6","6","2","5","6","6","6","5","2","2","6","6","6","5","4","3"
"1705946565148","7","7","7","7","7","1","1","1","1","1","2","3","7","7","4","1","1"
"1705946573050","7","7","7","7","7","1","1","1","1","1","2","5","1","7","5","3","1"
"1705946589920","6","6","6","6","6","3","6","3","5","2","2","2","6","2","3","6","3"
"1705946599910","6","5","6","6","6","5","5","5","5","5","2","5","5","2","3","5","6"
"1705946610445","6","5","6","5","6","3","2","2","3","2","2","5","5","2","3","5","4"
"1705946637540","7","7","4","7","7","4","4","1","4","4","2","1","7","1","7","7","7"
"1705946652840","6","5","6","6","6","4","3","4","2","2","2","6","4","3","1","6","5"
"1705946669052","6","6","6","7","6","3","3","3","3","3","2","2","2","2","2","3","3"
"1705946686290","7","7","7","6","7","1","2","1","2","1","2","1","6","7","2","1","1"
"1705946697865","4","4","3","6","5","3","5","6","6","3","2","6","4","3","6","4","5"
"1705946709695","5","5","6","6","5","3","3","3","4","3","2","2","4","5","3","5","3"
"1705946713683","7","6","6","7","6","2","4","2","5","2","2","5","4","3","7","6","5"
"1705946718251","6","4","4","4","3","5","5","3","3","2","2","5","3","3","2","4","3"
"1705946738194","6","5","6","6","6","3","5","5","6","4","2","5","5","2","2","5","4"
"1705946750452","7","7","7","7","7","2","2","2","2","2","2","6","6","7","7","6","6"
"1705946751971","7","7","7","7","7","1","1","1","1","1","2","4","7","7","7","7","6"
"1705946753457","6","6","5","6","6","5","5","5","5","4","2","5","6","6","4","6","6"
"1705946753817","6","4","4","5","5","3","4","3","4","3","2","2","6","2","6","4","3"
"1705946758188","7","6","7","6","7","2","2","2","2","2","2","6","5","4","3","4","3"
"1705946768088","7","7","6","7","7","1","1","1","1","1","2","2","5","1","3","5","5"
"1705946773897","6","6","6","7","7","7","6","7","5","6","2","6","6","3","6","5","7"
"1705946786635","6","6","6","6","6","2","2","2","2","2","2","3","5","2","5","7","5"
"1705946789853","7","5","6","6","7","4","5","4","3","3","2","6","6","1","7","7","5"
"1705946791379","6","6","7","7","7","2","2","2","5","2","2","1","2","5","2","4","2"
"1705946802632","6","7","6","7","6","1","1","2","1","2","2","7","7","2","1","6","6"
"1705946809532","5","5","5","5","7","4","6","5","6","5","2","7","7","2","6","6","5"
"1705946809979","6","5","6","7","6","4","5","1","5","4","2","6","2","2","1","7","6"
"1705946812248","5","5","6","5","5","3","4","5","4","3","2","3","5","2","2","5","5"
"1705946813842","5","5","6","6","6","4","5","4","4","4","2","4","5","6","3","4","3"
"1705946861899","5","6","5","5","6","3","4","2","3","3","2","6","7","1","1","7","6"
"1705946897142","4","3","4","4","4","7","7","7","7","6","2","7","4","7","5","1","3"
"1705946898262","3","4","3","4","4","5","4","5","4","5","2","5","4","2","2","3","2"
"1705946908336","7","7","7","7","7","1","3","4","3","1","2","5","6","3","2","6","5"
"1705946916268","7","7","7","7","5","3","4","4","3","2","2","7","5","7","7","2","4"
"1705946924159","4","4","4","4","4","4","4","4","4","2","2","5","6","6","2","6","4"
"1705946927193","5","5","6","6","7","7","6","6","6","7","6","2","5","5","6","7","6"
"1705946930697","5","5","5","5","4","4","4","5","4","3","2","3","6","6","3","4","3"
"1705946963043","4","6","5","5","5","1","3","1","7","1","2","1","7","6","1","5","1"
"1705946963104","7","6","7","7","6","3","4","5","4","2","2","2","6","3","1","6","4"
"1705946969210","7","6","6","7","6","3","4","4","3","2","2","3","4","5","2","5","2"
"1705946976249","7","7","7","7","7","2","2","2","2","2","2","5","6","3","2","6","3"
"1705946987770","6","6","6","6","6","2","2","4","4","2","2","7","5","1","1","5","2"
"1705946987916","6","6","6","7","5","2","1","1","2","1","2","5","4","3","1","6","5"
"1705947044503","7","7","7","7","7","2","3","2","6","3","2","1","4","2","2","6","3"
"1705947050232","7","6","5","5","6","2","3","2","1","2","2","5","4","2","7","4","2"
"1705947055026","5","6","5","6","5","3","3","2","3","3","2","7","4","3","1","1","2"
"1705947064162","7","6","5","6","7","3","3","3","3","4","2","5","4","5","4","2","2"
"1705947066579","7","6","6","6","6","2","2","2","2","6","2","1","1","4","2","2","2"
"1705947076980","6","5","6","7","7","2","3","3","3","2","2","2","7","6","6","5","2"
"1705947090005","6","6","6","6","5","4","4","4","5","3","2","5","5","4","2","3","2"
"1705947108847","7","7","7","7","7","7","7","6","7","7","2","3","7","1","1","7","7"
"1705947110240","4","3","3","3","4","5","4","4","5","5","2","4","6","5","3","4","5"
"1705947113472","6","6","6","6","5","4","4","2","3","2","2","2","2","1","2","2","3"
"1705947123162","6","5","6","5","5","4","5","4","3","4","2","7","3","6","5","6","4"
"1705947133248","6","5","5","6","6","3","5","4","5","3","2","5","3","3","2","6","3"
"1705947143022","7","7","7","7","7","2","2","4","3","3","2","7","4","6","4","4","4"
"1705947165974","5","5","5","4","5","4","4","4","4","3","2","6","6","1","1","5","5"
"1705947170518","6","7","6","7","4","1","3","3","3","1","2","2","7","7","2","6","6"
"1705947171423","5","5","6","6","5","7","6","7","7","4","2","5","6","2","4","6","6"
"1705947173346","5","5","6","6","6","3","5","4","4","3","2","4","7","6","5","7","6"
"1705947177096","6","6","6","6","6","2","3","2","2","2","2","6","5","6","3","4","4"
"1705947188511","7","7","7","7","6","4","6","4","5","7","2","6","6","4","5","6","5"
"1705947191383","6","6","6","6","6","3","3","3","5","2","2","6","6","4","5","5","5"
"1705947216840","5","5","5","5","5","5","4","4","4","4","2","1","5","6","4","5","4"
"1705947219514","7","6","7","6","7","4","5","4","5","3","2","4","5","5","4","5","4"
"1705947222484","5","5","6","6","6","5","5","4","6","4","2","5","6","4","3","6","4"
"1705947225028","6","4","5","2","4","6","4","6","4","3","2","5","5","3","3","5","5"
"1705947252689","5","5","4","4","5","5","6","4","5","5","2","5","5","4","2","4","5"
"1705947263339","3","4","5","5","5","5","5","6","5","5","2","3","4","3","4","5","4"
"1705947271145","5","4","5","4","5","6","5","5","6","4","2","4","4","4","4","4","6"
"1705947292062","7","6","6","6","6","2","3","2","1","2","2","2","3","5","2","6","3"
"1705947305177","6","4","3","7","3","3","4","3","2","1","2","1","5","7","1","6","5"
"1705947318054","5","5","5","6","6","3","4","3","4","4","2","6","5","5","6","4","5"
"1705947327511","7","6","7","7","7","7","7","7","6","5","2","6","6","7","7","6","5"
"1705947328658","4","4","4","5","5","3","3","4","4","4","2","4","4","5","4","4","4"
"1705947330887","5","2","5","3","4","5","5","4","4","4","2","1","3","5","1","3","1"
"1705947335308","7","7","7","7","7","3","4","4","6","5","2","1","6","1","5","7","7"
"1705947347975","4","4","4","6","6","6","5","6","4","6","2","3","5","6","6","4","2"
"1705947351257","7","6","7","7","7","2","4","2","3","3","2","5","5","7","5","4","2"
"1705947356361","3","2","4","3","3","6","6","6","6","2","2","2","1","6","2","1","4"
"1705947361380","6","6","6","6","6","3","3","4","3","3","2","2","5","7","5","4","1"
"1705947369369","7","6","7","7","7","2","3","3","3","1","2","3","5","2","1","6","4"
"1705947371133","6","7","7","7","7","1","1","2","1","1","2","1","5","4","3","7","7"
"1705947377103","7","7","7","7","7","1","1","1","1","1","2","1","7","3","6","5","1"
"1705947379832","5","5","5","4","5","5","6","5","5","4","2","3","5","4","4","2","1"
"1705947406806","4","3","5","5","4","7","7","7","7","7","2","3","6","7","1","6","3"
"1705947407968","7","5","6","7","6","3","4","3","5","3","2","6","6","5","5","3","3"
"1705947412829","6","6","5","6","6","2","2","2","2","2","2","6","5","4","5","6","4"
"1705947418587","7","7","7","6","5","1","2","1","2","1","2","2","1","7","3","6","5"
"1705947422339","7","6","7","6","6","2","2","2","2","2","2","6","2","3","6","6","3"
"1705947424106","5","5","5","6","5","4","5","4","5","5","2","7","6","6","7","7","5"
"1705947425003","5","6","5","6","6","2","3","2","3","6","2","1","4","3","2","5","5"
"1705947451963","3","4","3","3","4","5","6","6","5","3","2","5","6","2","2","5","4"
"1705947452910","7","6","6","6","6","5","5","5","5","5","2","6","6","6","6","6","6"
"1705947490201","6","6","6","7","6","3","4","2","4","2","2","3","6","6","4","6","4"
"1705947511392","5","5","4","5","5","6","5","5","5","5","2","5","6","6","5","3","4"
"1705947565250","5","4","5","4","6","4","6","4","4","3","2","3","4","1","4","4","1"
"1705947647261","6","6","7","7","6","2","3","2","2","2","2","2","4","2","3","5","3"
"1705947718797","7","7","3","7","7","3","4","4","4","7","2","4","4","4","4","6","5"
"1705947719040","4","7","7","7","7","5","4","5","1","2","2","4","4","4","1","7","7"
"1705947815996","7","7","7","7","7","4","5","5","3","3","2","3","6","7","5","1","1"
"1705947822683","5","6","6","6","6","3","3","3","4","2","2","5","7","1","1","6","6"
"1705947854574","7","7","6","7","6","7","7","7","6","7","2","6","7","6","1","6","5"
"1705947891235","5","5","5","5","4","5","5","5","4","4","2","6","5","6","6","6","6"
"1705948030148","6","7","7","6","6","4","4","4","4","1","2","7","5","4","1","5","4"
"1705948079694","7","7","7","7","7","1","7","1","1","1","2","4","7","1","3","5","1"
"1705948083603","6","5","4","4","4","5","5","6","6","5","2","4","4","5","4","5","4"
"1705948112313","7","7","7","7","7","4","4","4","4","3","2","5","6","3","4","6","4"
"1705948161978","5","5","4","5","5","5","4","4","4","4","2","4","5","3","4","5","4"
"1705948222492","7","6","6","7","7","4","5","4","5","3","2","2","5","7","3","6","6"
"1705948234305","6","6","4","4","6","4","6","5","2","6","2","6","3","6","6","6","4"
"1705948245203","6","6","6","7","6","2","4","4","4","1","2","1","6","1","1","7","5"
"1705948406922","6","6","6","6","7","3","2","3","2","2","2","6","6","7","5","4","4"
"1705948432180","3","4","6","6","4","6","5","6","4","6","2","7","4","6","5","4","5"
"1705948531810","6","7","6","7","7","5","5","4","5","2","2","3","6","3","2","7","6"
"1705948575194","6","5","6","6","6","3","4","4","3","3","2","6","6","2","3","5","4"
"1705948583974","6","6","5","5","7","7","1","1","1","1","2","4","4","2","4","5","3"
"1705948585250","7","7","7","7","7","2","4","2","3","1","2","2","4","6","4","6","4"
"1705948605502","5","5","6","6","6","6","5","4","4","4","2","2","6","2","2","5","4"
"1705948634422","7","7","7","7","7","4","4","4","4","4","2","1","7","1","1","7","4"
"1705948635036","6","6","7","6","6","4","4","4","3","2","2","1","7","6","4","2","2"
"1705948678405","5","7","7","6","6","2","2","1","2","1","2","1","5","3","3","5","1"
"1705948679772","7","6","5","7","6","2","6","2","2","1","2","2","6","4","2","7","6"
"1705948685993","7","7","7","7","7","4","3","3","4","1","2","7","6","4","2","7","7"
"1705948715431","7","6","6","7","7","3","4","2","3","1","2","5","5","6","6","5","4"
"1705948728453","6","6","7","7","7","1","4","3","3","1","2","7","7","5","7","7","7"
"1705948733847","7","5","7","6","6","2","2","1","1","1","2","2","4","5","5","4","5"
"1705948746288","6","5","7","6","5","5","5","5","5","5","2","3","6","7","6","6","5"
"1705948756950","5","4","4","4","4","3","4","3","3","4","2","5","4","5","4","7","4"
"1705948764816","7","7","7","7","7","6","6","6","7","1","2","4","7","7","1","7","1"
"1705948786922","7","5","7","7","5","5","3","2","2","3","2","2","7","5","3","7","6"
"1705948795711","6","6","6","6","6","1","2","2","2","6","2","6","6","3","3","6","5"
"1705948857596","6","6","6","7","6","4","5","4","2","2","2","3","7","6","1","6","2"
"1705948864717","7","7","7","7","7","3","6","5","3","1","2","4","7","1","5","7","7"
"1705948894607","5","6","7","7","6","6","6","4","6","6","2","1","6","4","3","6","5"
"1705948942492","6","6","4","6","6","6","6","6","4","2","2","6","5","5","2","2","2"
"1705948984466","6","6","6","7","7","2","3","2","4","2","2","7","2","6","6","5","5"
"1705948988200","5","5","5","5","5","4","4","4","4","4","2","2","7","2","5","1","2"
"1705949024819","7","6","6","6","6","1","1","2","2","2","2","3","5","6","6","2","1"
"1705949092811","6","5","7","7","7","2","1","2","1","2","2","7","5","6","1","7","5"
"1705949104123","6","7","6","6","6","6","5","5","7","6","2","6","6","6","6","7","6"
"1705949146794","7","6","6","6","7","6","5","6","6","6","2","5","7","1","2","7","6"
"1705949169896","5","4","3","5","5","4","4","5","6","4","2","5","5","4","4","6","6"
"1705949264320","7","6","5","6","6","2","3","3","4","3","2","2","4","6","2","4","2"
"1705949272513","6","5","5","5","6","2","6","2","3","2","2","7","6","6","1","6","5"
"1705949319532","6","6","6","6","6","2","2","2","2","3","2","2","5","6","5","4","3"
"1705949340985","7","7","7","7","7","1","5","3","1","2","2","2","2","2","2","5","6"
"1705949355336","5","5","3","3","2","2","2","2","3","2","2","2","4","2","2","2","2"
"1705949355993","7","7","6","7","6","2","2","3","3","1","2","1","5","6","5","4","2"
"1705949418194","7","7","6","7","6","1","2","2","3","1","2","2","7","7","5","6","3"
"1705949419444","7","7","7","6","7","3","6","6","6","6","2","7","6","2","1","7","6"
"1705949490942","5","4","5","5","5","5","6","4","3","4","2","6","7","6","7","5","2"
"1705949502469","4","4","4","4","4","4","4","4","4","4","2","4","4","5","3","4","3"
"1705949905172","6","6","6","6","6","5","5","5","5","3","2","3","6","1","1","6","1"
"1705950033134","6","6","6","6","6","2","3","3","3","2","2","2","5","4","3","2","2"
"1705950047903","6","6","6","6","6","2","2","2","2","2","2","5","6","1","1","6","2"
"1705950477289","4","3","3","4","3","6","6","6","5","6","2","2","7","7","5","7","2"
"1705950648060","6","6","7","6","5","2","2","2","1","1","2","1","5","1","2","6","3"
"1705950824184","7","7","7","7","7","3","4","4","4","2","2","5","6","6","5","5","5"
"1705951312756","4","4","4","7","2","7","7","7","7","4","2","1","7","4","5","6","4"
