app_name,category,platform,rating,num_ratings,release_year,num_users
WhatsApp,Productivity,Win10/Win11,4.8,1989268,2017,43898495
Spotify,Social,Win10/Win11,3.2,1980811,2022,36776928
iTunes,Music,Win10/Win11,3.8,963181,2018,149096018
Discord,Entertainment,Win10/Win11,4.9,1854379,2025,161160656
ChatGPT,Utility,Win10/Win11,4.5,194324,2024,301059551
iCloud,Education,Win10/Win11,4.6,287187,2022,111897853
Netflix,Business,Win10/Win11,3.1,386131,2015,451083984
Microsoft Teams,Developer Tools,Win10/Win11,4.2,991692,2020,57435704
Minecraft Education,Multimedia,Win10/Win11,3.7,1906789,2023,178346177
Zoom Workplace,Photo & Video,Win10/Win11,3.1,1954791,2018,27148200
Adobe Acrobat Reader DC,Productivity,Win10/Win11,4.9,1537564,2016,360057936
TikTok,Social,Win10/Win11,4.8,1047918,2025,283756128
CapCut,Music,Win10/Win11,3.9,1690543,2019,248481454
Instagram,Entertainment,Win10/Win11,3.4,1448831,2016,485721331
VLC,Utility,Win10/Win11,4.7,1178670,2020,279175607
Power BI Desktop,Education,Win10/Win11,5.0,1324847,2025,80391892
Python 3.13,Business,Win10/Win11,3.3,1448844,2019,472277325
OBS Studio,Developer Tools,Win10/Win11,3.6,319671,2025,496829889
Telegram Desktop,Multimedia,Win10/Win11,4.3,691468,2024,252594776
OneNote,Photo & Video,Win10/Win11,3.7,932145,2023,275182784
Facebook,Productivity,Win10/Win11,3.7,378435,2014,250417275
Messenger,Social,Win10/Win11,4.1,1014744,2022,377708226
Slack,Music,Win10/Win11,4.5,526278,2022,429234243
Trello,Entertainment,Win10/Win11,4.8,1405007,2018,341929307
Evernote,Utility,Win10/Win11,3.9,927116,2014,44544383
Dropbox,Education,Win10/Win11,3.8,1410704,2023,326808179
Google Drive,Business,Win10/Win11,3.3,1066744,2017,152860780
OneDrive,Developer Tools,Win10/Win11,4.1,1339542,2016,232322946
Skype,Multimedia,Win10/Win11,4.2,843547,2017,390660963
Zoom,Photo & Video,Win10/Win11,3.1,215282,2016,167170449
Adobe Photoshop Express,Productivity,Win10/Win11,4.7,1831100,2014,249993912
Canva,Social,Win10/Win11,3.5,210038,2015,108302933
Picsart,Music,Win10/Win11,3.5,1939003,2025,233407939
Lightroom,Entertainment,Win10/Win11,4.1,306003,2016,341420171
Snapseed,Utility,Win10/Win11,4.8,1655678,2024,267400888
VSCO,Education,Win10/Win11,4.6,1789659,2015,168847387
Pinterest,Business,Win10/Win11,3.3,51425,2017,89939243
Reddit,Developer Tools,Win10/Win11,4.7,539990,2016,247601882
Twitter,Multimedia,Win10/Win11,3.4,1231298,2023,436856554
LinkedIn,Photo & Video,Win10/Win11,4.7,211259,2014,76759789
Microsoft To Do,Productivity,Win10/Win11,4.2,15465,2020,9943461
Microsoft News,Social,Win10/Win11,3.7,1525413,2019,75986127
Microsoft Weather,Music,Win10/Win11,3.3,1868575,2020,115446439
Microsoft Solitaire Collection,Entertainment,Win10/Win11,3.5,372336,2020,290969397
Microsoft Minesweeper,Utility,Win10/Win11,3.6,655275,2021,175085792
Microsoft Mahjong,Education,Win10/Win11,4.0,1487776,2019,477094423
Microsoft Jigsaw,Business,Win10/Win11,3.7,135776,2018,147670253
Microsoft Treasure Hunt,Developer Tools,Win10/Win11,4.5,1989455,2020,497433867
Microsoft Sudoku,Multimedia,Win10/Win11,4.2,719976,2022,836182
Microsoft Wordament,Photo & Video,Win10/Win11,3.6,992903,2018,338602342
Netflix,Productivity,Win10/Win11,3.4,689184,2019,214355652
Hulu,Social,Win10/Win11,3.9,153901,2021,149247384
Disney+,Music,Win10/Win11,4.3,459469,2024,440651152
Amazon Prime Video,Entertainment,Win10/Win11,4.0,658834,2025,139395220
HBO Max,Utility,Win10/Win11,4.7,1459685,2014,462122458
Paramount+,Education,Win10/Win11,4.9,834598,2014,107465010
Peacock,Business,Win10/Win11,4.9,449658,2020,189487943
Apple TV,Developer Tools,Win10/Win11,3.2,1094320,2016,478264225
Crunchyroll,Multimedia,Win10/Win11,3.9,940439,2017,313406636
Twitch,Photo & Video,Win10/Win11,4.2,1127580,2020,221393718
Mozilla Firefox,Productivity,Win10/Win11,3.2,1533164,2017,45119575
Google Chrome,Social,Win10/Win11,4.6,765956,2024,109911591
Opera,Music,Win10/Win11,4.1,967032,2023,151762313
Brave,Entertainment,Win10/Win11,3.1,1481811,2018,407434150
Microsoft Edge,Utility,Win10/Win11,4.4,1502532,2022,205848065
Vivaldi,Education,Win10/Win11,4.3,807823,2018,249929216
Tor Browser,Business,Win10/Win11,4.8,266967,2016,300828454
Safari,Developer Tools,Win10/Win11,4.0,1125285,2016,319489240
Internet Explorer,Multimedia,Win10/Win11,4.4,1710874,2018,197349174
Netscape,Photo & Video,Win10/Win11,4.0,96790,2019,77829011
WinRAR,Productivity,Win10/Win11,4.7,1912456,2020,255631255
7-Zip,Social,Win10/Win11,4.0,1494436,2016,442907272
PeaZip,Music,Win10/Win11,4.2,1458262,2020,475215668
Bandizip,Entertainment,Win10/Win11,4.2,178856,2019,175735999
WinZip,Utility,Win10/Win11,3.5,1435560,2014,87258201
PowerISO,Education,Win10/Win11,4.3,1484058,2023,130075656
UltraISO,Business,Win10/Win11,4.9,1421826,2022,380022456
Daemon Tools,Developer Tools,Win10/Win11,4.0,1332375,2020,250837929
Alcohol 120%,Multimedia,Win10/Win11,3.2,778506,2016,352409499
ImgBurn,Photo & Video,Win10/Win11,3.8,1317761,2024,443491921
CCleaner,Productivity,Win10/Win11,4.6,583101,2019,63570791
Malwarebytes,Social,Win10/Win11,3.9,277833,2023,462070876
Avast Free Antivirus,Music,Win10/Win11,4.0,1520389,2023,102600702
AVG AntiVirus Free,Entertainment,Win10/Win11,4.6,507105,2014,410963878
Bitdefender Antivirus Free,Utility,Win10/Win11,3.1,199729,2020,59437955
Kaspersky Free,Education,Win10/Win11,3.0,1965292,2014,427482578
Norton 360,Business,Win10/Win11,4.7,1295930,2024,85009347
McAfee Total Protection,Developer Tools,Win10/Win11,3.3,272496,2024,335006215
Adblock Plus,Multimedia,Win10/Win11,4.7,771042,2021,387057342
uBlock Origin,Photo & Video,Win10/Win11,4.7,1531278,2025,182087659
Visual Studio Code,Productivity,Win10/Win11,3.2,1498102,2018,277982537
Visual Studio,Social,Win10/Win11,3.6,460368,2014,375261935
PyCharm,Music,Win10/Win11,4.0,1031870,2022,496994914
IntelliJ IDEA,Entertainment,Win10/Win11,3.9,1941214,2021,285618039
Eclipse,Utility,Win10/Win11,4.0,1138211,2025,148196073
NetBeans,Education,Win10/Win11,4.9,614334,2017,208093019
Sublime Text,Business,Win10/Win11,4.1,746596,2021,11240265
Atom,Developer Tools,Win10/Win11,4.6,954565,2024,107930888
Notepad++,Multimedia,Win10/Win11,4.1,152564,2019,93465657
Vim,Photo & Video,Win10/Win11,4.4,1718293,2014,404747682
WhatsApp v2,Productivity,Win10/Win11,3.5,1525369,2024,329740513
Spotify v2,Social,Win10/Win11,3.5,102229,2025,488124452
iTunes v2,Music,Win10/Win11,3.2,25228,2016,303921459
Discord v2,Entertainment,Win10/Win11,3.5,659412,2025,407860022
ChatGPT v2,Utility,Win10/Win11,4.8,764785,2015,330296489
iCloud v2,Education,Win10/Win11,4.7,1695841,2024,465852007
Netflix v2,Business,Win10/Win11,3.8,1238903,2019,140183558
Microsoft Teams v2,Developer Tools,Win10/Win11,4.3,1824469,2020,346151952
Minecraft Education v2,Multimedia,Win10/Win11,3.5,539344,2022,198689311
Zoom Workplace v2,Photo & Video,Win10/Win11,4.9,290091,2017,101973775
Adobe Acrobat Reader DC v2,Productivity,Win10/Win11,4.9,1429525,2017,310442101
TikTok v2,Social,Win10/Win11,3.8,1159659,2017,441392067
CapCut v2,Music,Win10/Win11,3.1,221001,2025,366945338
Instagram v2,Entertainment,Win10/Win11,3.5,811687,2018,30439972
VLC v2,Utility,Win10/Win11,3.6,1458232,2022,8721376
Power BI Desktop v2,Education,Win10/Win11,3.4,18103,2022,250855803
Python 3.13 v2,Business,Win10/Win11,3.2,1198448,2022,56260296
OBS Studio v2,Developer Tools,Win10/Win11,3.5,121770,2019,371128311
Telegram Desktop v2,Multimedia,Win10/Win11,4.6,1936905,2018,40308734
OneNote v2,Photo & Video,Win10/Win11,4.3,1292665,2016,326527810
Facebook v2,Productivity,Win10/Win11,4.2,965723,2015,106876614
Messenger v2,Social,Win10/Win11,4.5,628201,2019,400463218
Slack v2,Music,Win10/Win11,5.0,922822,2020,1200968
Trello v2,Entertainment,Win10/Win11,3.6,921370,2015,357476387
Evernote v2,Utility,Win10/Win11,4.5,732493,2014,259962971
Dropbox v2,Education,Win10/Win11,3.5,1166357,2014,89468778
Google Drive v2,Business,Win10/Win11,3.4,22714,2020,224265835
OneDrive v2,Developer Tools,Win10/Win11,4.7,1495690,2014,230719455
Skype v2,Multimedia,Win10/Win11,3.9,1203674,2020,200100336
Zoom v2,Photo & Video,Win10/Win11,4.4,1937688,2019,309702288
Adobe Photoshop Express v2,Productivity,Win10/Win11,3.2,527971,2017,56959314
Canva v2,Social,Win10/Win11,3.3,1001082,2025,214532750
Picsart v2,Music,Win10/Win11,3.4,1045137,2014,490839523
Lightroom v2,Entertainment,Win10/Win11,4.3,1299096,2019,52783366
Snapseed v2,Utility,Win10/Win11,3.5,1870883,2023,434901854
VSCO v2,Education,Win10/Win11,3.8,1233914,2020,299305911
Pinterest v2,Business,Win10/Win11,3.7,168455,2019,20244019
Reddit v2,Developer Tools,Win10/Win11,3.4,547386,2023,337189409
Twitter v2,Multimedia,Win10/Win11,4.0,1698679,2019,273106047
LinkedIn v2,Photo & Video,Win10/Win11,4.5,760339,2022,273988479
Microsoft To Do v2,Productivity,Win10/Win11,3.8,1399257,2025,178275982
Microsoft News v2,Social,Win10/Win11,4.2,749552,2020,311937391
Microsoft Weather v2,Music,Win10/Win11,4.1,31481,2016,153659535
Microsoft Solitaire Collection v2,Entertainment,Win10/Win11,4.4,1298321,2017,85607286
Microsoft Minesweeper v2,Utility,Win10/Win11,3.0,1460563,2025,479924287
Microsoft Mahjong v2,Education,Win10/Win11,4.1,1041373,2017,189891159
Microsoft Jigsaw v2,Business,Win10/Win11,4.0,419445,2017,272873228
Microsoft Treasure Hunt v2,Developer Tools,Win10/Win11,3.7,764728,2021,401573114
Microsoft Sudoku v2,Multimedia,Win10/Win11,3.6,220164,2016,42256564
Microsoft Wordament v2,Photo & Video,Win10/Win11,4.1,87630,2016,416888011
Netflix v2,Productivity,Win10/Win11,3.8,54727,2018,4403634
Hulu v2,Social,Win10/Win11,3.9,174185,2022,77305624
Disney+ v2,Music,Win10/Win11,4.3,1295401,2016,275758498
Amazon Prime Video v2,Entertainment,Win10/Win11,3.3,1016614,2017,458809027
HBO Max v2,Utility,Win10/Win11,3.4,886849,2016,480526622
Paramount+ v2,Education,Win10/Win11,4.8,291559,2024,336768567
Peacock v2,Business,Win10/Win11,4.8,549854,2024,442680569
Apple TV v2,Developer Tools,Win10/Win11,3.8,551115,2018,319882208
Crunchyroll v2,Multimedia,Win10/Win11,4.7,472388,2023,463488649
Twitch v2,Photo & Video,Win10/Win11,4.1,1129537,2024,305454823
Mozilla Firefox v2,Productivity,Win10/Win11,4.3,1103690,2014,443071866
Google Chrome v2,Social,Win10/Win11,4.5,1276493,2019,497194717
Opera v2,Music,Win10/Win11,3.9,1298709,2024,310366017
Brave v2,Entertainment,Win10/Win11,4.3,18972,2017,75977595
Microsoft Edge v2,Utility,Win10/Win11,4.9,1908465,2015,469275045
Vivaldi v2,Education,Win10/Win11,4.8,523767,2020,399796285
Tor Browser v2,Business,Win10/Win11,3.3,183098,2024,34530929
Safari v2,Developer Tools,Win10/Win11,3.9,979789,2014,97636808
Internet Explorer v2,Multimedia,Win10/Win11,4.3,1912628,2023,107199720
Netscape v2,Photo & Video,Win10/Win11,4.0,296388,2016,258185990
WinRAR v2,Productivity,Win10/Win11,4.7,1683015,2018,218442602
7-Zip v2,Social,Win10/Win11,3.1,1720322,2020,285111461
PeaZip v2,Music,Win10/Win11,4.3,1427374,2025,188839099
Bandizip v2,Entertainment,Win10/Win11,4.6,1712806,2024,469985142
WinZip v2,Utility,Win10/Win11,3.5,234555,2014,298981839
PowerISO v2,Education,Win10/Win11,4.6,1361681,2017,261790372
UltraISO v2,Business,Win10/Win11,4.4,980675,2020,381553221
Daemon Tools v2,Developer Tools,Win10/Win11,3.5,977507,2023,165150260
Alcohol 120% v2,Multimedia,Win10/Win11,3.8,1251379,2024,98544613
ImgBurn v2,Photo & Video,Win10/Win11,4.5,584124,2022,221476779
CCleaner v2,Productivity,Win10/Win11,4.9,1737063,2022,400282557
Malwarebytes v2,Social,Win10/Win11,4.8,1800930,2022,260903269
Avast Free Antivirus v2,Music,Win10/Win11,4.4,1868346,2016,98199449
AVG AntiVirus Free v2,Entertainment,Win10/Win11,3.0,842841,2022,20202474
Bitdefender Antivirus Free v2,Utility,Win10/Win11,4.3,471089,2019,498002584
Kaspersky Free v2,Education,Win10/Win11,4.4,1841297,2021,395113920
Norton 360 v2,Business,Win10/Win11,4.7,1305773,2014,117564926
McAfee Total Protection v2,Developer Tools,Win10/Win11,4.2,703012,2018,484500939
Adblock Plus v2,Multimedia,Win10/Win11,4.0,192066,2025,13940396
uBlock Origin v2,Photo & Video,Win10/Win11,4.4,1365624,2022,492059792
Visual Studio Code v2,Productivity,Win10/Win11,4.3,936309,2024,490502482
Visual Studio v2,Social,Win10/Win11,3.0,257643,2023,30943021
PyCharm v2,Music,Win10/Win11,4.2,908306,2025,237360154
IntelliJ IDEA v2,Entertainment,Win10/Win11,3.7,1497297,2020,188600610
Eclipse v2,Utility,Win10/Win11,3.3,1175833,2015,247459929
NetBeans v2,Education,Win10/Win11,4.3,1120254,2014,1519099
Sublime Text v2,Business,Win10/Win11,3.1,1759245,2014,53389655
Atom v2,Developer Tools,Win10/Win11,3.5,140839,2018,207476274
Notepad++ v2,Multimedia,Win10/Win11,4.5,1613128,2017,420080835
Vim v2,Photo & Video,Win10/Win11,3.2,864242,2020,310672174
WhatsApp v3,Productivity,Win10/Win11,3.5,58223,2015,253144880
Spotify v3,Social,Win10/Win11,3.7,1156258,2017,438842021
iTunes v3,Music,Win10/Win11,4.6,808272,2021,111705483
Discord v3,Entertainment,Win10/Win11,3.1,1101528,2020,206624191
ChatGPT v3,Utility,Win10/Win11,3.2,1094639,2017,372240827
iCloud v3,Education,Win10/Win11,4.9,67006,2019,266471177
Netflix v3,Business,Win10/Win11,3.1,1967961,2025,216856327
Microsoft Teams v3,Developer Tools,Win10/Win11,4.4,1586353,2022,270212015
Minecraft Education v3,Multimedia,Win10/Win11,4.1,940653,2025,302798326
Zoom Workplace v3,Photo & Video,Win10/Win11,3.9,563837,2014,124762114
Adobe Acrobat Reader DC v3,Productivity,Win10/Win11,4.4,511228,2016,294237225
TikTok v3,Social,Win10/Win11,3.5,371391,2016,28686559
CapCut v3,Music,Win10/Win11,4.4,1708928,2022,299847162
Instagram v3,Entertainment,Win10/Win11,3.2,1817012,2017,72284272
VLC v3,Utility,Win10/Win11,3.6,867840,2020,377776046
Power BI Desktop v3,Education,Win10/Win11,3.3,1735261,2020,381217572
Python 3.13 v3,Business,Win10/Win11,4.5,1821516,2018,70267988
OBS Studio v3,Developer Tools,Win10/Win11,4.1,1039329,2016,98032128
Telegram Desktop v3,Multimedia,Win10/Win11,4.6,1122204,2021,164839483
OneNote v3,Photo & Video,Win10/Win11,5.0,1340894,2024,235491001
Facebook v3,Productivity,Win10/Win11,3.2,1622725,2017,375119613
Messenger v3,Social,Win10/Win11,3.3,1627486,2020,157225809
Slack v3,Music,Win10/Win11,4.0,1974557,2021,432989399
Trello v3,Entertainment,Win10/Win11,4.9,1539564,2017,295347858
Evernote v3,Utility,Win10/Win11,3.7,492832,2015,109463562
Dropbox v3,Education,Win10/Win11,4.1,73948,2018,209093050
Google Drive v3,Business,Win10/Win11,3.1,642951,2014,322975497
OneDrive v3,Developer Tools,Win10/Win11,3.7,702653,2019,137991108
Skype v3,Multimedia,Win10/Win11,3.9,1797065,2016,50512256
Zoom v3,Photo & Video,Win10/Win11,3.3,1689489,2019,164834380
Adobe Photoshop Express v3,Productivity,Win10/Win11,3.8,1699652,2018,196266137
Canva v3,Social,Win10/Win11,3.5,809566,2019,222615573
Picsart v3,Music,Win10/Win11,4.4,1940303,2014,234088668
Lightroom v3,Entertainment,Win10/Win11,4.3,302381,2022,87102791
Snapseed v3,Utility,Win10/Win11,4.5,658235,2022,119694433
VSCO v3,Education,Win10/Win11,4.3,123955,2018,139770090
Pinterest v3,Business,Win10/Win11,4.0,1680125,2022,461816608
Reddit v3,Developer Tools,Win10/Win11,3.3,875953,2024,386370781
Twitter v3,Multimedia,Win10/Win11,4.0,3316,2020,312058478
LinkedIn v3,Photo & Video,Win10/Win11,3.7,1583950,2025,162127208
Microsoft To Do v3,Productivity,Win10/Win11,3.2,550722,2022,62772405
Microsoft News v3,Social,Win10/Win11,5.0,1657330,2021,211980375
Microsoft Weather v3,Music,Win10/Win11,4.4,769706,2025,328723593
Microsoft Solitaire Collection v3,Entertainment,Win10/Win11,4.3,1151569,2024,488393120
Microsoft Minesweeper v3,Utility,Win10/Win11,4.0,1656359,2021,182179727
Microsoft Mahjong v3,Education,Win10/Win11,4.8,1807306,2016,319697963
Microsoft Jigsaw v3,Business,Win10/Win11,4.3,1333574,2016,271331362
Microsoft Treasure Hunt v3,Developer Tools,Win10/Win11,3.2,557758,2024,5217894
Microsoft Sudoku v3,Multimedia,Win10/Win11,5.0,293457,2021,83801729
Microsoft Wordament v3,Photo & Video,Win10/Win11,4.7,1106204,2014,177747926
Counter-Strike 2,Game,Win10/Win11,4.9,2763074,2018,14774835
Dota 2,Game,Win10/Win11,4.7,4799695,2012,100521299
PUBG: BATTLEGROUNDS,Game,Win10/Win11,4.3,1587932,2024,126447480
ARC Raiders,Game,Win10/Win11,4.9,3945322,2025,175026138
Terraria,Game,Win10/Win11,3.7,2708048,2011,113404678
Marvel Rivals,Game,Win10/Win11,4.6,4031639,2011,165853295
Stardew Valley,Game,Win10/Win11,3.9,1281652,2018,125852766
Deadlock,Game,Win10/Win11,4.3,521139,2012,83824363
Warframe,Game,Win10/Win11,3.6,754302,2021,9880614
Grand Theft Auto V,Game,Win10/Win11,3.5,4341345,2012,170763772
Baldur's Gate 3,Game,Win10/Win11,4.2,1968665,2009,69019621
War Thunder,Game,Win10/Win11,4.0,3787340,2023,37481457
VRChat,Game,Win10/Win11,5.0,4844041,2025,86956494
Team Fortress 2,Game,Win10/Win11,3.9,1866442,2011,122058524
Geometry Dash,Game,Win10/Win11,3.9,1778720,2007,99714409
Red Dead Redemption 2,Game,Win10/Win11,3.7,3936902,2024,83166926
Palworld,Game,Win10/Win11,4.0,2404433,2010,94032664
HELLDIVERS 2,Game,Win10/Win11,4.2,4076301,2008,89940656
Apex Legends,Game,Win10/Win11,4.2,4914061,2020,166070905
Wallpaper Engine,Game,Win10/Win11,3.7,2105984,2025,42073204
Elden Ring,Game,Win10/Win11,5.0,3373771,2019,145730737
Cyberpunk 2077,Game,Win10/Win11,4.1,2303198,2023,77504503
Rust,Game,Win10/Win11,3.8,4761609,2017,85161974
Destiny 2,Game,Win10/Win11,4.7,4391801,2013,137135572
Monster Hunter: World,Game,Win10/Win11,3.6,2322016,2008,187800875
Monster Hunter Rise,Game,Win10/Win11,5.0,3017803,2023,176641549
The Witcher 3: Wild Hunt,Game,Win10/Win11,4.1,4757560,2022,90492614
Skyrim,Game,Win10/Win11,4.3,2166456,2011,171251251
Fallout 4,Game,Win10/Win11,4.7,4896752,2020,133050225
Fallout 76,Game,Win10/Win11,4.8,1315532,2016,35201111
Sid Meier's Civilization VI,Game,Win10/Win11,3.8,1857828,2018,15713947
Hearts of Iron IV,Game,Win10/Win11,4.4,3750325,2025,12866549
Europa Universalis IV,Game,Win10/Win11,4.2,262101,2021,61813591
Stellaris,Game,Win10/Win11,4.5,4331620,2008,108525449
Crusader Kings III,Game,Win10/Win11,3.6,3438278,2017,80207373
Age of Empires II: Definitive Edition,Game,Win10/Win11,3.7,691915,2015,95530997
Age of Empires IV,Game,Win10/Win11,4.0,4950149,2022,79299189
Total War: WARHAMMER III,Game,Win10/Win11,4.8,503720,2020,21763191
Total War: THREE KINGDOMS,Game,Win10/Win11,4.2,4892926,2025,51938450
Total War: ROME II,Game,Win10/Win11,4.3,3975532,2023,103421498
Left 4 Dead 2,Game,Win10/Win11,4.6,4498998,2015,92068517
7 Days to Die,Game,Win10/Win11,4.7,2160356,2020,85539850
Project Zomboid,Game,Win10/Win11,4.6,2642822,2017,169131129
DayZ,Game,Win10/Win11,4.0,464085,2018,110486366
The Forest,Game,Win10/Win11,4.3,1994476,2017,152416780
Sons of the Forest,Game,Win10/Win11,4.0,4793079,2023,113593857
Valheim,Game,Win10/Win11,3.6,596772,2010,59172456
Raft,Game,Win10/Win11,3.6,3147230,2017,177003036
Subnautica,Game,Win10/Win11,3.6,607882,2020,59272203
Subnautica: Below Zero,Game,Win10/Win11,4.2,3054654,2024,55675071
Euro Truck Simulator 2,Game,Win10/Win11,3.7,4405859,2008,135726500
American Truck Simulator,Game,Win10/Win11,4.0,517648,2021,94984322
Farming Simulator 22,Game,Win10/Win11,3.6,2154250,2009,179710171
Microsoft Flight Simulator,Game,Win10/Win11,4.5,203028,2010,189538531
Assetto Corsa,Game,Win10/Win11,4.9,605912,2013,26824894
Assetto Corsa Competizione,Game,Win10/Win11,4.4,3014705,2022,3901420
BeamNG.drive,Game,Win10/Win11,4.2,765052,2010,108463929
Forza Horizon 5,Game,Win10/Win11,3.8,548592,2013,55947458
Forza Horizon 4,Game,Win10/Win11,3.8,540343,2013,125197358
Need for Speed Heat,Game,Win10/Win11,4.9,3224236,2013,106094811
Dead by Daylight,Game,Win10/Win11,4.0,3073015,2015,88195629
Phasmophobia,Game,Win10/Win11,4.4,1719520,2018,186253288
Lethal Company,Game,Win10/Win11,4.8,494642,2010,33424724
Among Us,Game,Win10/Win11,4.8,3831932,2019,58399583
Fall Guys,Game,Win10/Win11,4.7,3555034,2018,76743313
Rocket League,Game,Win10/Win11,3.6,2033904,2019,97048466
Sea of Thieves,Game,Win10/Win11,3.6,377671,2016,156188002
No Man's Sky,Game,Win10/Win11,3.9,1685781,2025,146666761
Deep Rock Galactic,Game,Win10/Win11,4.8,4460839,2017,5071010
Risk of Rain 2,Game,Win10/Win11,4.7,616021,2024,101752157
Hades,Game,Win10/Win11,4.0,4279987,2017,141267819
Hollow Knight,Game,Win10/Win11,5.0,4970863,2018,79097683
Celeste,Game,Win10/Win11,4.1,3787627,2016,7407426
Cuphead,Game,Win10/Win11,4.3,3347673,2014,18450339
Dead Cells,Game,Win10/Win11,4.0,1709780,2021,73094916
Slay the Spire,Game,Win10/Win11,4.2,3041296,2021,80609685
Vampire Survivors,Game,Win10/Win11,4.2,4426319,2024,51846494
Outer Wilds,Game,Win10/Win11,3.6,3125528,2018,186022446
Disco Elysium,Game,Win10/Win11,4.9,4291409,2008,163471556
Sekiro: Shadows Die Twice,Game,Win10/Win11,4.5,3345528,2021,9798138
Resident Evil Village,Game,Win10/Win11,4.8,3360183,2023,48957409
Resident Evil 4,Game,Win10/Win11,4.9,4083197,2009,155294168
Resident Evil 2,Game,Win10/Win11,5.0,717365,2011,52281086
Resident Evil 3,Game,Win10/Win11,3.7,628758,2013,30848285
Devil May Cry 5,Game,Win10/Win11,3.6,4190036,2008,112154183
Monster Hunter Wilds,Game,Win10/Win11,4.2,2005074,2023,130331071
Dragon's Dogma 2,Game,Win10/Win11,3.9,1228881,2025,121190525
Street Fighter 6,Game,Win10/Win11,4.5,3918995,2014,140760199
Tekken 8,Game,Win10/Win11,4.0,1826117,2025,83458327
Mortal Kombat 1,Game,Win10/Win11,4.3,4621201,2021,193580773
Final Fantasy XIV Online,Game,Win10/Win11,4.7,973109,2025,103125463
Final Fantasy VII Remake Intergrade,Game,Win10/Win11,3.8,490286,2008,144453680
Final Fantasy XV,Game,Win10/Win11,3.8,2894802,2009,78668347
Persona 5 Royal,Game,Win10/Win11,4.2,3692071,2019,73128540
Persona 4 Golden,Game,Win10/Win11,4.8,2017206,2017,95630468
Persona 3 Reload,Game,Win10/Win11,3.8,1741418,2020,161902925
Yakuza: Like a Dragon,Game,Win10/Win11,3.9,384983,2019,30315289
Like a Dragon: Infinite Wealth,Game,Win10/Win11,3.6,392479,2020,197885057
Judgment,Game,Win10/Win11,3.9,4880633,2020,136497856
Lost Judgment,Game,Win10/Win11,5.0,960052,2016,433555
Counter-Strike 2 Edition 2,Game,Win10/Win11,4.8,3753832,2014,66300300
Dota 2 Edition 2,Game,Win10/Win11,4.2,1719027,2020,60834131
PUBG: BATTLEGROUNDS Edition 2,Game,Win10/Win11,4.9,3272667,2018,13469946
ARC Raiders Edition 2,Game,Win10/Win11,4.2,3646572,2022,30559935
Terraria Edition 2,Game,Win10/Win11,3.6,3322877,2016,30685323
Marvel Rivals Edition 2,Game,Win10/Win11,4.7,2524521,2009,159719930
Stardew Valley Edition 2,Game,Win10/Win11,4.2,2064032,2016,140642420
Deadlock Edition 2,Game,Win10/Win11,4.7,3564874,2013,95432540
Warframe Edition 2,Game,Win10/Win11,4.2,4711562,2018,32646288
Grand Theft Auto V Edition 2,Game,Win10/Win11,3.9,310209,2011,180102793
Baldur's Gate 3 Edition 2,Game,Win10/Win11,4.0,3651692,2016,183855882
War Thunder Edition 2,Game,Win10/Win11,4.0,3048880,2018,167522440
VRChat Edition 2,Game,Win10/Win11,3.9,682737,2022,79297687
Team Fortress 2 Edition 2,Game,Win10/Win11,4.3,2948198,2023,197022214
Geometry Dash Edition 2,Game,Win10/Win11,3.8,2365819,2012,159480807
Red Dead Redemption 2 Edition 2,Game,Win10/Win11,4.1,1832007,2016,197774656
Palworld Edition 2,Game,Win10/Win11,4.8,4611976,2008,81274748
HELLDIVERS 2 Edition 2,Game,Win10/Win11,4.6,1623111,2023,73877582
Apex Legends Edition 2,Game,Win10/Win11,4.0,340914,2025,91584274
Wallpaper Engine Edition 2,Game,Win10/Win11,4.2,2064133,2012,46342695
Elden Ring Edition 2,Game,Win10/Win11,4.5,4764741,2021,73064211
Cyberpunk 2077 Edition 2,Game,Win10/Win11,4.0,4926204,2022,7113337
Rust Edition 2,Game,Win10/Win11,3.6,2027346,2011,154189594
Destiny 2 Edition 2,Game,Win10/Win11,3.9,3925381,2011,99653953
Monster Hunter: World Edition 2,Game,Win10/Win11,4.1,4792563,2011,163781888
Monster Hunter Rise Edition 2,Game,Win10/Win11,4.0,1590147,2010,57703694
The Witcher 3: Wild Hunt Edition 2,Game,Win10/Win11,3.8,1369334,2018,154027192
Skyrim Edition 2,Game,Win10/Win11,3.8,4063714,2020,116801466
Fallout 4 Edition 2,Game,Win10/Win11,4.4,4259925,2021,139627717
Fallout 76 Edition 2,Game,Win10/Win11,4.9,963567,2014,16400290
Sid Meier's Civilization VI Edition 2,Game,Win10/Win11,4.8,3079181,2023,46212874
Hearts of Iron IV Edition 2,Game,Win10/Win11,4.7,1235192,2013,104347634
Europa Universalis IV Edition 2,Game,Win10/Win11,4.6,4822902,2024,162619457
Stellaris Edition 2,Game,Win10/Win11,3.8,3092856,2022,164873991
Crusader Kings III Edition 2,Game,Win10/Win11,4.5,4198382,2009,61450160
Age of Empires II: Definitive Edition Edition 2,Game,Win10/Win11,4.8,2721070,2013,86453183
Age of Empires IV Edition 2,Game,Win10/Win11,3.7,3864832,2010,78200620
Total War: WARHAMMER III Edition 2,Game,Win10/Win11,3.8,2238648,2009,90358868
Total War: THREE KINGDOMS Edition 2,Game,Win10/Win11,4.8,3508743,2011,173527025
Total War: ROME II Edition 2,Game,Win10/Win11,4.0,3930577,2018,108854914
Left 4 Dead 2 Edition 2,Game,Win10/Win11,3.6,1778270,2021,174494864
7 Days to Die Edition 2,Game,Win10/Win11,4.9,4580732,2015,166796653
Project Zomboid Edition 2,Game,Win10/Win11,4.0,575096,2015,142201913
DayZ Edition 2,Game,Win10/Win11,3.5,205623,2015,89784024
The Forest Edition 2,Game,Win10/Win11,5.0,2826816,2022,71027639
Sons of the Forest Edition 2,Game,Win10/Win11,3.9,3054087,2009,121891436
Valheim Edition 2,Game,Win10/Win11,4.2,1070914,2025,115908021
Raft Edition 2,Game,Win10/Win11,4.9,4860160,2025,143094808
Subnautica Edition 2,Game,Win10/Win11,4.0,1077029,2017,188812946
Subnautica: Below Zero Edition 2,Game,Win10/Win11,4.4,1770072,2008,104341983
Euro Truck Simulator 2 Edition 2,Game,Win10/Win11,3.9,4550330,2008,125141682
American Truck Simulator Edition 2,Game,Win10/Win11,3.9,4884301,2022,60352110
Farming Simulator 22 Edition 2,Game,Win10/Win11,4.2,2956506,2013,151288451
Microsoft Flight Simulator Edition 2,Game,Win10/Win11,3.8,3552443,2025,100566193
Assetto Corsa Edition 2,Game,Win10/Win11,3.9,4467677,2024,130342265
Assetto Corsa Competizione Edition 2,Game,Win10/Win11,4.0,1316124,2011,160487286
BeamNG.drive Edition 2,Game,Win10/Win11,4.5,3424350,2022,32954058
Forza Horizon 5 Edition 2,Game,Win10/Win11,4.2,113251,2008,119497472
Forza Horizon 4 Edition 2,Game,Win10/Win11,4.3,955374,2013,11898900
Need for Speed Heat Edition 2,Game,Win10/Win11,3.9,4139840,2011,105832690
Dead by Daylight Edition 2,Game,Win10/Win11,3.5,3652134,2024,171837153
Phasmophobia Edition 2,Game,Win10/Win11,4.7,3137198,2025,41084803
Lethal Company Edition 2,Game,Win10/Win11,5.0,1480030,2022,191308282
Among Us Edition 2,Game,Win10/Win11,4.9,1752398,2007,166377843
Fall Guys Edition 2,Game,Win10/Win11,3.8,3304045,2014,51697866
Rocket League Edition 2,Game,Win10/Win11,3.8,4541887,2009,52700442
Sea of Thieves Edition 2,Game,Win10/Win11,4.7,3777383,2018,64524743
No Man's Sky Edition 2,Game,Win10/Win11,3.7,170462,2015,192406128
Deep Rock Galactic Edition 2,Game,Win10/Win11,4.2,1545903,2016,381960
Risk of Rain 2 Edition 2,Game,Win10/Win11,4.8,3803387,2024,165752808
Hades Edition 2,Game,Win10/Win11,4.8,3072469,2023,99577350
Hollow Knight Edition 2,Game,Win10/Win11,4.1,3317021,2019,135575170
Celeste Edition 2,Game,Win10/Win11,4.2,2056643,2010,96863420
Cuphead Edition 2,Game,Win10/Win11,4.9,3363975,2022,59349487
Dead Cells Edition 2,Game,Win10/Win11,3.6,2083795,2021,82551544
Slay the Spire Edition 2,Game,Win10/Win11,4.6,1569500,2013,99756138
Vampire Survivors Edition 2,Game,Win10/Win11,4.7,1770035,2019,60939834
Outer Wilds Edition 2,Game,Win10/Win11,3.8,2052795,2014,166969226
Disco Elysium Edition 2,Game,Win10/Win11,3.9,1401373,2008,123575805
Sekiro: Shadows Die Twice Edition 2,Game,Win10/Win11,3.9,3268425,2010,44204747
Resident Evil Village Edition 2,Game,Win10/Win11,3.7,1161829,2024,112816245
Resident Evil 4 Edition 2,Game,Win10/Win11,4.1,2665092,2013,8356035
Resident Evil 2 Edition 2,Game,Win10/Win11,3.7,4880205,2008,82915987
Resident Evil 3 Edition 2,Game,Win10/Win11,3.6,4454966,2022,198063835
Devil May Cry 5 Edition 2,Game,Win10/Win11,4.8,3492195,2023,126246251
Monster Hunter Wilds Edition 2,Game,Win10/Win11,5.0,1491594,2007,136857746
Dragon's Dogma 2 Edition 2,Game,Win10/Win11,3.6,1765528,2013,92539913
Street Fighter 6 Edition 2,Game,Win10/Win11,4.3,4372929,2019,127659902
Tekken 8 Edition 2,Game,Win10/Win11,4.6,439101,2020,141244734
Mortal Kombat 1 Edition 2,Game,Win10/Win11,4.0,4398557,2010,141695652
Final Fantasy XIV Online Edition 2,Game,Win10/Win11,3.9,2975427,2009,92784413
Final Fantasy VII Remake Intergrade Edition 2,Game,Win10/Win11,3.8,2115903,2010,58480144
Final Fantasy XV Edition 2,Game,Win10/Win11,4.7,2021369,2011,102464430
Persona 5 Royal Edition 2,Game,Win10/Win11,4.4,2732111,2024,95663834
Persona 4 Golden Edition 2,Game,Win10/Win11,3.8,147947,2020,63102386
Persona 3 Reload Edition 2,Game,Win10/Win11,4.7,2981382,2021,55770220
Yakuza: Like a Dragon Edition 2,Game,Win10/Win11,4.1,4495145,2008,27240915
Like a Dragon: Infinite Wealth Edition 2,Game,Win10/Win11,4.2,2141017,2020,123721891
Judgment Edition 2,Game,Win10/Win11,4.2,906046,2010,48532041
Lost Judgment Edition 2,Game,Win10/Win11,4.8,3402429,2020,89400301
Counter-Strike 2 Edition 3,Game,Win10/Win11,4.1,3418088,2008,158830150
Dota 2 Edition 3,Game,Win10/Win11,4.1,3100994,2023,117413622
PUBG: BATTLEGROUNDS Edition 3,Game,Win10/Win11,3.9,3214260,2011,83354038
ARC Raiders Edition 3,Game,Win10/Win11,4.5,4006262,2017,82467437
Terraria Edition 3,Game,Win10/Win11,4.6,2931577,2025,148928566
Marvel Rivals Edition 3,Game,Win10/Win11,3.6,534955,2014,97181146
Stardew Valley Edition 3,Game,Win10/Win11,4.0,1420367,2007,115260626
Deadlock Edition 3,Game,Win10/Win11,4.5,2963627,2022,111710704
Warframe Edition 3,Game,Win10/Win11,4.0,4293696,2025,149856609
Grand Theft Auto V Edition 3,Game,Win10/Win11,3.9,931606,2016,25069495
Baldur's Gate 3 Edition 3,Game,Win10/Win11,4.0,1135148,2020,17635677
War Thunder Edition 3,Game,Win10/Win11,4.7,2358591,2018,19726406
VRChat Edition 3,Game,Win10/Win11,4.9,2320775,2007,112205715
Team Fortress 2 Edition 3,Game,Win10/Win11,5.0,3969474,2023,96456204
Geometry Dash Edition 3,Game,Win10/Win11,3.7,2712623,2020,103721005
Red Dead Redemption 2 Edition 3,Game,Win10/Win11,4.7,1571809,2023,9988312
Palworld Edition 3,Game,Win10/Win11,4.2,4192557,2016,164470201
HELLDIVERS 2 Edition 3,Game,Win10/Win11,3.7,1591582,2025,5010721
Apex Legends Edition 3,Game,Win10/Win11,3.6,1697994,2023,102094767
Wallpaper Engine Edition 3,Game,Win10/Win11,4.8,3812153,2015,136485481
Elden Ring Edition 3,Game,Win10/Win11,5.0,4733572,2017,149903019
Cyberpunk 2077 Edition 3,Game,Win10/Win11,4.3,97973,2021,61242989
Rust Edition 3,Game,Win10/Win11,4.0,3724802,2015,42450166
Destiny 2 Edition 3,Game,Win10/Win11,4.4,3480037,2020,83246177
Monster Hunter: World Edition 3,Game,Win10/Win11,3.9,3671249,2010,145735563
Monster Hunter Rise Edition 3,Game,Win10/Win11,4.7,2056132,2008,181636167
The Witcher 3: Wild Hunt Edition 3,Game,Win10/Win11,5.0,1151029,2016,139376322
Skyrim Edition 3,Game,Win10/Win11,4.4,2277543,2023,70971058
Fallout 4 Edition 3,Game,Win10/Win11,3.9,649988,2025,19696513
Fallout 76 Edition 3,Game,Win10/Win11,4.2,6554,2007,151250336
Sid Meier's Civilization VI Edition 3,Game,Win10/Win11,4.6,2490658,2016,60461330
Hearts of Iron IV Edition 3,Game,Win10/Win11,3.9,2931249,2013,74143285
Europa Universalis IV Edition 3,Game,Win10/Win11,4.8,256293,2019,29396105
Stellaris Edition 3,Game,Win10/Win11,4.5,4823322,2018,14261097
Crusader Kings III Edition 3,Game,Win10/Win11,3.9,4773492,2008,83938115
Age of Empires II: Definitive Edition Edition 3,Game,Win10/Win11,4.6,943826,2023,137072240
Age of Empires IV Edition 3,Game,Win10/Win11,4.7,3181093,2020,187483787
Total War: WARHAMMER III Edition 3,Game,Win10/Win11,4.7,1866513,2022,145889009
Total War: THREE KINGDOMS Edition 3,Game,Win10/Win11,4.1,3956343,2008,20028576
Total War: ROME II Edition 3,Game,Win10/Win11,4.7,2301108,2017,136346718
Left 4 Dead 2 Edition 3,Game,Win10/Win11,3.6,1426367,2010,176715957
7 Days to Die Edition 3,Game,Win10/Win11,4.3,2063839,2011,12785325
Project Zomboid Edition 3,Game,Win10/Win11,4.1,2652147,2025,184188551
DayZ Edition 3,Game,Win10/Win11,4.1,3244823,2015,122338670
The Forest Edition 3,Game,Win10/Win11,4.5,3330292,2012,141676786
Sons of the Forest Edition 3,Game,Win10/Win11,4.0,4498891,2010,7061396
Valheim Edition 3,Game,Win10/Win11,4.1,3084029,2012,119987518
Raft Edition 3,Game,Win10/Win11,5.0,4984648,2007,111906068
Subnautica Edition 3,Game,Win10/Win11,4.0,485152,2007,140009606
Subnautica: Below Zero Edition 3,Game,Win10/Win11,3.9,1998176,2019,143573607
